INSERT INTO DevSync.users (id, login, email, fullName, password, isEmailVerified, profilePicture, rating, role, createdAt) VALUES (1, 'kenna67', 'kenna.towne@hotmail.com', 'Kenna Towne', '$argon2id$v=19$m=65536,t=3,p=4$U3Rvcm13aW5k$OEQ6PkMO3S6shoC048siXq4iM0xdikDvb3An6u9goKY', 1, '56078218-d70b-4177-81e5-eedbbac1523d.png', 15, 'user', '2024-09-18 14:24:07');
INSERT INTO DevSync.users (id, login, email, fullName, password, isEmailVerified, profilePicture, rating, role, createdAt) VALUES (2, 'russell11', 'russell_farrell@yahoo.com', 'Russell Farrell', '$argon2id$v=19$m=65536,t=3,p=4$U3Rvcm13aW5k$OEQ6PkMO3S6shoC048siXq4iM0xdikDvb3An6u9goKY', 1, '5f6b6920-0482-4467-8672-f8728f9a8f91.png', -4, 'user', '2024-09-23 15:45:15');
INSERT INTO DevSync.users (id, login, email, fullName, password, isEmailVerified, profilePicture, rating, role, createdAt) VALUES (3, 'diana.quigley-tromp', 'diana_quigley-tromp39@hotmail.com', 'Diana Quigley-Tromp', '$argon2id$v=19$m=65536,t=3,p=4$U3Rvcm13aW5k$OEQ6PkMO3S6shoC048siXq4iM0xdikDvb3An6u9goKY', 1, '3164709c-8be8-47bd-9c1c-22efd7232a7c.png', 7, 'user', '2024-08-18 14:01:23');
INSERT INTO DevSync.users (id, login, email, fullName, password, isEmailVerified, profilePicture, rating, role, createdAt) VALUES (4, 'jerald_schaden', 'jerald_schaden63@yahoo.com', 'Jerald Schaden', '$argon2id$v=19$m=65536,t=3,p=4$U3Rvcm13aW5k$OEQ6PkMO3S6shoC048siXq4iM0xdikDvb3An6u9goKY', 1, '5667af98-505e-478e-9b36-5aba430607ef.png', 6, 'user', '2024-11-10 13:25:14');
INSERT INTO DevSync.users (id, login, email, fullName, password, isEmailVerified, profilePicture, rating, role, createdAt) VALUES (5, 'reagan.nicolas16', 'reagan_nicolas@hotmail.com', 'Reagan Nicolas', '$argon2id$v=19$m=65536,t=3,p=4$U3Rvcm13aW5k$OEQ6PkMO3S6shoC048siXq4iM0xdikDvb3An6u9goKY', 1, '742beef1-76c0-4309-b68b-ab4ede84c573.png', 21, 'user', '2024-11-19 15:58:37');
INSERT INTO DevSync.users (id, login, email, fullName, password, isEmailVerified, profilePicture, rating, role, createdAt) VALUES (6, 'vesta_jacobson5', 'vesta_jacobson@gmail.com', 'Vesta Jacobson', '$argon2id$v=19$m=65536,t=3,p=4$U3Rvcm13aW5k$OEQ6PkMO3S6shoC048siXq4iM0xdikDvb3An6u9goKY', 1, 'c4fc66ff-b679-40cd-95fd-c43c6d04928c.png', 1, 'user', '2024-06-26 17:31:44');
INSERT INTO DevSync.users (id, login, email, fullName, password, isEmailVerified, profilePicture, rating, role, createdAt) VALUES (7, 'letha85', 'letha_schuster66@hotmail.com', 'Letha Schuste2', '$argon2id$v=19$m=65536,t=3,p=4$U3Rvcm13aW5k$OEQ6PkMO3S6shoC048siXq4iM0xdikDvb3An6u9goKY', 1, '3abc6f3f-c3ba-4c83-9d82-57e483601bad.png', -2, 'user', '2024-08-06 13:58:10');
INSERT INTO DevSync.users (id, login, email, fullName, password, isEmailVerified, profilePicture, rating, role, createdAt) VALUES (8, 'alec.fay', 'alec.fay@yahoo.com', 'Alec Fay', '$argon2id$v=19$m=65536,t=3,p=4$U3Rvcm13aW5k$OEQ6PkMO3S6shoC048siXq4iM0xdikDvb3An6u9goKY', 1, '1ee01e9f-e206-4129-ab28-971f44cf22de.png', 19, 'user', '2024-08-24 20:10:17');
INSERT INTO DevSync.users (id, login, email, fullName, password, isEmailVerified, profilePicture, rating, role, createdAt) VALUES (9, 'admin', 'admin@admin.com', 'Jim King', '$argon2id$v=19$m=65536,t=3,p=4$U3Rvcm13aW5k$aPUaDxFvFJTe6rquJokh2pUZmbYzpUU5tIMchNvLlyo', 1, '26096ffa-990c-4fb7-9230-94c6f94ce51e.png', 2, 'admin', '2024-11-22 18:15:05');

INSERT INTO DevSync.posts (id, title, content, status, isTop, likes, createdById, createdAt) VALUES (13, 'How to best optimize React components for a high-load application?', 'My app has started to slow down due to the large amount of data processed by components. I want to understand the best approaches for memoization, using context, or optimizing keys.', 'active', 0, 9, 5, '2024-07-29 22:31:32');
INSERT INTO DevSync.posts (id, title, content, status, isTop, likes, createdById, createdAt) VALUES (23, 'Why is my REST API slower after adding a new module?', 'After integrating an image processing module, the API has noticeably slowed down. How to find the issue and optimize speed?', 'active', 0, 7, 8, '2024-10-01 12:46:09');
INSERT INTO DevSync.posts (id, title, content, status, isTop, likes, createdById, createdAt) VALUES (22, 'How to integrate Docker into an existing project?', 'My team is planning to switch to Docker, but we already have a large project with multiple services. How to create an effective Dockerfile and structure containers?', 'active', 0, 6, 4, '2024-07-02 08:55:18');
INSERT INTO DevSync.posts (id, title, content, status, isTop, likes, createdById, createdAt) VALUES (25, 'How to integrate Firebase Authentication into a Flutter app?', 'I am developing a mobile app and want to add login functionality using Google and Facebook. Are there any pitfalls to watch out for?', 'active', 0, 5, 1, '2024-06-07 02:28:11');
INSERT INTO DevSync.posts (id, title, content, status, isTop, likes, createdById, createdAt) VALUES (1, 'How to migrate from MySQL to PostgreSQL without losing data?', 'I want to migrate the database in my project to a more flexible solution. How can I do it safely?', 'inactive', 0, 5, 6, '2024-08-06 15:45:53');
INSERT INTO DevSync.posts (id, title, content, status, isTop, likes, createdById, createdAt) VALUES (21, 'How to train a model to recognize emotions in text?', 'I am working on a chatbot project that will respond to user emotions. The goal is to identify the tone of messages (positive, neutral, negative) using machine learning. What algorithms are best for text analysis, and should I use pre-trained models like BERT?', 'active', 0, 5, 1, '2024-07-29 00:51:56');
INSERT INTO DevSync.posts (id, title, content, status, isTop, likes, createdById, createdAt) VALUES (10, 'Trucido utroque deporto.', 'Creta vere curso solitudo arguo verbera officiis alioqui vulnus. Nulla tolero tui spero quis demo aeneus tot tempora cresco. Aspernatur deleniti viridis. Bos currus carpo cubitum ullam cavus desolo. Talio alter ter abbas ars. Spectaculum damno spargo calco demoror congregatio enim totam stella spoliatio. Valens voro cenaculum acervus usitas ambitus quod peior. Confugo cenaculum tabella absorbeo vinco voluptates apparatus. Vespillo venia aufero substantia virtus demens.', 'inactive', 0, 5, 3, '2024-08-29 14:19:23');
INSERT INTO DevSync.posts (id, title, content, status, isTop, likes, createdById, createdAt) VALUES (3, 'How to detect and protect an app from SQL Injection?', 'The web app has an input form that might be vulnerable to SQL Injection. What methods are best for validating input data? Are parameterized queries enough, or should additional filtering be implemented?', 'active', 0, 5, 5, '2024-06-20 20:07:14');
INSERT INTO DevSync.posts (id, title, content, status, isTop, likes, createdById, createdAt) VALUES (6, 'Tutamen centum cenaculum sumo.', 'Sperno volo aedificium tergo vehemens coepi decimus. Complectus crebro texo demo cattus aggredior admiratio vos amo. Ait adulescens quisquam video ab adhuc suffragium mollitia. Conscendo adhaero veritas ambitus dolorum ocer. Tamdiu unde armarium terror avarus. Curto tergo quibusdam utrum admiratio sed dolor volubilis tunc trado. Callide sumo claustrum debeo approbo. Ventito pecco vero vox adiuvo maiores tactus enim expedita. Culpo thema valde territo videlicet vacuus spoliatio.', 'inactive', 0, 5, 6, '2024-08-27 04:14:15');
INSERT INTO DevSync.posts (id, title, content, status, isTop, likes, createdById, createdAt) VALUES (8, 'How to use Tailwind CSS for a large-scale project?', 'My team is planning a migration from SCSS to Tailwind CSS for a large project. How to optimize the process to avoid duplicate styles and maintain code readability? Are there any long-term risks to using this approach?', 'active', 0, 5, 6, '2024-09-25 17:34:14');
INSERT INTO DevSync.posts (id, title, content, status, isTop, likes, createdById, createdAt) VALUES (11, 'How to ensure stable app performance on different Android versions?', 'My app has compatibility issues with older Android versions. How to test the app for a wide range of devices and OS versions? Should I use special libraries for backward compatibility?', 'active', 0, 4, 4, '2024-08-29 08:18:32');
INSERT INTO DevSync.posts (id, title, content, status, isTop, likes, createdById, createdAt) VALUES (4, 'How to implement authentication using JWT in Node.js?', 'I am developing a system where users will have different access levels (admin, user). I plan to use JWT for authentication but am unsure about the best practices for token storage and renewal. How to avoid vulnerabilities?', 'active', 0, 4, 4, '2024-07-01 23:37:21');
INSERT INTO DevSync.posts (id, title, content, status, isTop, likes, createdById, createdAt) VALUES (15, 'Accendo atrocitas volo numquam tabula vis.', 'Charisma vulnus veritatis quisquam ad voveo aegre. Aurum clarus cum conduco defungo libero cornu argumentum dolorem bis. Defero cernuus depereo auditor similique. Tripudio deorsum tener virtus absum tenax tempore degero crepusculum vulnero. Vero supplanto clarus solutio apto suus reiciendis. Repellendus thymbra reiciendis cuius adflicto. Adstringo doloremque decet caries commodo tres spectaculum textilis. Sub terminatio defaeco excepturi et carbo. Explicabo cibo coniecto.', 'inactive', 0, 4, 8, '2024-11-18 00:30:54');
INSERT INTO DevSync.posts (id, title, content, status, isTop, likes, createdById, createdAt) VALUES (16, 'How to set up automated API testing using Postman?', 'Our project actively uses REST APIs. I want to create a set of automated tests in Postman to ensure the service''s stability. How to effectively organize tests to cover all scenarios?', 'active', 0, 4, 1, '2024-08-02 20:34:50');
INSERT INTO DevSync.posts (id, title, content, status, isTop, likes, createdById, createdAt) VALUES (5, 'How to configure WebSockets for a chat in Node.js?', 'I am developing a real-time messaging system for a small project. I decided to use WebSocket to ensure real-time updates. Which libraries, such as Socket.IO, are best to use? How to handle connections from many clients?', 'active', 1, 4, 2, '2024-08-10 07:59:15');
INSERT INTO DevSync.posts (id, title, content, status, isTop, likes, createdById, createdAt) VALUES (19, 'What are the ways to optimize large SQL queries?', 'Our project has complex queries that take over 10 seconds to execute. How can such queries be optimized? Should indexes be created for all columns used in WHERE? What other approaches do you use to speed up database performance?', 'active', 0, 4, 3, '2024-07-11 03:45:06');
INSERT INTO DevSync.posts (id, title, content, status, isTop, likes, createdById, createdAt) VALUES (20, 'How to configure Kubernetes for scaling microservices?', 'Our architecture involves a set of microservices that need to be automatically scaled based on load. How to properly configure Kubernetes HPA (Horizontal Pod Autoscaler)? What metrics are best for monitoring?', 'active', 0, 4, 3, '2024-10-28 14:34:58');
INSERT INTO DevSync.posts (id, title, content, status, isTop, likes, createdById, createdAt) VALUES (17, 'How to securely store passwords in a database?', 'I am developing a project with a user registration system. What hashing algorithms are best for passwords? How to verify passwords during authentication without compromising data security?', 'active', 0, 3, 2, '2024-09-22 16:27:30');
INSERT INTO DevSync.posts (id, title, content, status, isTop, likes, createdById, createdAt) VALUES (2, 'How to reduce overfitting in machine learning models?', 'During training, the model accuracy is significantly lower on test data compared to training data. Are there effective ways to regularize or use more robust models? How to choose hyperparameters correctly to avoid overfitting?', 'active', 0, 3, 3, '2024-06-27 08:05:50');
INSERT INTO DevSync.posts (id, title, content, status, isTop, likes, createdById, createdAt) VALUES (24, 'How to optimize image loading in a React app?', 'The app has many images, causing slow page loading. I am considering lazy loading, WebP formats, and size optimization. Are there better approaches to integrate with React? How to effectively use CDN to improve speed?', 'active', 0, 3, 7, '2024-08-25 18:58:58');
INSERT INTO DevSync.posts (id, title, content, status, isTop, likes, createdById, createdAt) VALUES (18, 'How to cover complex business logic with unit tests?', 'The project has complex modules with many dependencies and conditions. I want to know the best way to write unit tests for such cases. What approaches to mocks and stubs do you use? How to ensure the logic is tested for all possible scenarios?', 'active', 1, 3, 6, '2024-09-27 04:37:42');
INSERT INTO DevSync.posts (id, title, content, status, isTop, likes, createdById, createdAt) VALUES (14, 'How to implement push notifications in React Native?', 'My mobile app needs push notifications to improve user engagement. Which service is better: Firebase or something else? How to set up both local and remote notifications?', 'active', 0, 3, 7, '2024-08-25 03:34:05');
INSERT INTO DevSync.posts (id, title, content, status, isTop, likes, createdById, createdAt) VALUES (7, 'How to organize a CI/CD process for a monolithic application?', 'Our project uses a monolithic architecture, and we want to automate deployment using CI/CD. What tools are best suited for this approach? Does it make sense to separate testing and deployment into different stages?', 'active', 1, 3, 7, '2024-07-14 21:57:36');
INSERT INTO DevSync.posts (id, title, content, status, isTop, likes, createdById, createdAt) VALUES (12, 'Capio aveho ulciscor eligendi utpote.', 'Statim vero peccatus bardus virtus terebro veniam studio. Studio arma accendo desino defleo. Claro sufficio vos. Thermae tactus inventore ager. Arx adamo cavus cito adficio coerceo fuga subvenio speculum cauda. Viridis minima consequuntur cupio. Verbum summisse vociferor acceptus aureus cariosus thesis. Curtus annus virgo accusamus subseco ea. Tabgo comminor deporto cena conservo usque.', 'inactive', 0, 2, 3, '2024-07-07 15:33:07');
INSERT INTO DevSync.posts (id, title, content, status, isTop, likes, createdById, createdAt) VALUES (9, 'What risks arise when using NoSQL databases for financial applications?', 'I am considering MongoDB for a financial app. Are there specific risks related to the lack of transactions? How to ensure data integrity and consistency in NoSQL? Perhaps it’s better to combine SQL and NoSQL?', 'active', 1, 2, 1, '2024-06-14 17:58:14');

INSERT INTO DevSync.categories (id, title, description, createdAt) VALUES (1, 'Frontend Development', 'A category for discussing the creation of modern web interfaces. Share experiences with HTML, CSS, and JavaScript, as well as popular frameworks like React, Angular, or Vue.js. Discuss best design practices, frontend application performance, and tools to improve development efficiency. Enhance your skills, explore trends, and dive into real-world cases.', '2024-06-15 18:03:59');
INSERT INTO DevSync.categories (id, title, description, createdAt) VALUES (2, 'Backend Development', 'A category for everything related to server-side programming and architecture. Questions about working with databases (SQL, NoSQL), creating APIs, and using server frameworks like Django, Flask, Laravel, or Express. Learn how to ensure security, scalability, and stability of the backend. Share your experience in optimizing server processes and solving complex tasks.', '2024-08-21 23:05:42');
INSERT INTO DevSync.categories (id, title, description, createdAt) VALUES (3, 'DevOps and CI/CD', 'Here, you can find discussions about tools and automation practices for developers and system administrators. How to set up CI/CD processes using Jenkins, GitHub Actions, or GitLab CI/CD? What are the most effective approaches to using Docker and Kubernetes? Learn how to ensure reliability and speed in deploying applications in any environment.', '2024-11-13 13:05:20');
INSERT INTO DevSync.categories (id, title, description, createdAt) VALUES (4, 'Mobile Development', 'A category for mobile app developers for iOS and Android. Discussions about working with frameworks like Swift, Kotlin, React Native, or Flutter. How to optimize the performance of mobile apps and improve UX? Share experiences in testing, publishing, and monetizing apps.', '2024-07-31 23:45:49');
INSERT INTO DevSync.categories (id, title, description, createdAt) VALUES (5, 'Database Management', 'A category for everyone working with databases, regardless of experience level. How to design a database correctly, optimize queries, and choose between SQL and NoSQL solutions? Discussions about popular technologies like PostgreSQL, MongoDB, MySQL, and others. Share your approaches to backups, scaling, and data integration.', '2024-11-10 22:25:40');
INSERT INTO DevSync.categories (id, title, description, createdAt) VALUES (6, 'AI and Machine Learning', 'A section for developers working with artificial intelligence and machine learning. Learn about using TensorFlow, PyTorch, Scikit-learn, and cloud services for data processing. How to train a model and integrate it into a project? Discuss the latest trends, from GPT to computer vision.', '2024-07-11 13:48:30');
INSERT INTO DevSync.categories (id, title, description, createdAt) VALUES (7, 'Cybersecurity', 'A category dedicated to securing software and data. How to protect a web application from attacks like SQL Injection or XSS? Discuss tools for monitoring and vulnerability testing, encryption principles, and user data protection. Learn to recognize threats and create secure code.', '2024-09-28 11:25:41');
INSERT INTO DevSync.categories (id, title, description, createdAt) VALUES (8, 'Testing and QA', 'A place to discuss tools and practices for software testing. How to ensure product quality through automated or manual testing? Discuss tools like Selenium, Cypress, Postman, and others. Share experiences with test cases, integration tests, and managing the QA process in a team.', '2024-07-26 00:12:22');

INSERT INTO DevSync.posts_categories (id, postId, categoryId, createdAt) VALUES (1, 11, 7, '2024-10-02 07:09:06');
INSERT INTO DevSync.posts_categories (id, postId, categoryId, createdAt) VALUES (2, 7, 6, '2024-09-10 05:07:04');
INSERT INTO DevSync.posts_categories (id, postId, categoryId, createdAt) VALUES (3, 16, 1, '2024-10-25 11:43:55');
INSERT INTO DevSync.posts_categories (id, postId, categoryId, createdAt) VALUES (4, 10, 5, '2024-07-20 13:23:00');
INSERT INTO DevSync.posts_categories (id, postId, categoryId, createdAt) VALUES (5, 13, 3, '2024-07-04 22:48:16');
INSERT INTO DevSync.posts_categories (id, postId, categoryId, createdAt) VALUES (6, 19, 1, '2024-11-14 19:33:30');
INSERT INTO DevSync.posts_categories (id, postId, categoryId, createdAt) VALUES (7, 23, 8, '2024-06-15 07:16:38');
INSERT INTO DevSync.posts_categories (id, postId, categoryId, createdAt) VALUES (8, 24, 5, '2024-10-13 08:42:10');
INSERT INTO DevSync.posts_categories (id, postId, categoryId, createdAt) VALUES (9, 25, 3, '2024-10-12 10:02:53');
INSERT INTO DevSync.posts_categories (id, postId, categoryId, createdAt) VALUES (10, 20, 8, '2024-07-28 13:58:57');
INSERT INTO DevSync.posts_categories (id, postId, categoryId, createdAt) VALUES (11, 6, 7, '2024-06-15 21:29:18');
INSERT INTO DevSync.posts_categories (id, postId, categoryId, createdAt) VALUES (12, 25, 5, '2024-07-13 08:40:29');
INSERT INTO DevSync.posts_categories (id, postId, categoryId, createdAt) VALUES (14, 1, 6, '2024-07-17 04:20:49');
INSERT INTO DevSync.posts_categories (id, postId, categoryId, createdAt) VALUES (15, 24, 3, '2024-07-10 19:36:59');
INSERT INTO DevSync.posts_categories (id, postId, categoryId, createdAt) VALUES (16, 9, 7, '2024-10-07 01:03:28');
INSERT INTO DevSync.posts_categories (id, postId, categoryId, createdAt) VALUES (17, 6, 1, '2024-07-28 14:50:53');
INSERT INTO DevSync.posts_categories (id, postId, categoryId, createdAt) VALUES (18, 15, 1, '2024-10-17 11:13:08');
INSERT INTO DevSync.posts_categories (id, postId, categoryId, createdAt) VALUES (19, 13, 5, '2024-10-28 11:01:51');
INSERT INTO DevSync.posts_categories (id, postId, categoryId, createdAt) VALUES (20, 25, 4, '2024-10-16 20:12:25');
INSERT INTO DevSync.posts_categories (id, postId, categoryId, createdAt) VALUES (21, 1, 4, '2024-07-18 20:53:29');
INSERT INTO DevSync.posts_categories (id, postId, categoryId, createdAt) VALUES (22, 3, 7, '2024-09-04 00:26:55');
INSERT INTO DevSync.posts_categories (id, postId, categoryId, createdAt) VALUES (23, 5, 7, '2024-06-08 01:17:08');
INSERT INTO DevSync.posts_categories (id, postId, categoryId, createdAt) VALUES (24, 12, 6, '2024-07-23 19:47:06');
INSERT INTO DevSync.posts_categories (id, postId, categoryId, createdAt) VALUES (25, 23, 1, '2024-07-05 21:19:34');
INSERT INTO DevSync.posts_categories (id, postId, categoryId, createdAt) VALUES (26, 19, 6, '2024-07-26 02:59:55');
INSERT INTO DevSync.posts_categories (id, postId, categoryId, createdAt) VALUES (27, 17, 3, '2024-06-28 13:11:46');
INSERT INTO DevSync.posts_categories (id, postId, categoryId, createdAt) VALUES (28, 15, 8, '2024-11-15 06:04:44');
INSERT INTO DevSync.posts_categories (id, postId, categoryId, createdAt) VALUES (29, 3, 6, '2024-10-17 04:24:49');
INSERT INTO DevSync.posts_categories (id, postId, categoryId, createdAt) VALUES (32, 13, 4, '2024-06-22 04:26:22');
INSERT INTO DevSync.posts_categories (id, postId, categoryId, createdAt) VALUES (33, 2, 4, '2024-08-22 09:32:08');
INSERT INTO DevSync.posts_categories (id, postId, categoryId, createdAt) VALUES (34, 1, 3, '2024-11-16 02:12:09');
INSERT INTO DevSync.posts_categories (id, postId, categoryId, createdAt) VALUES (37, 18, 1, '2024-10-08 19:45:15');
INSERT INTO DevSync.posts_categories (id, postId, categoryId, createdAt) VALUES (38, 5, 5, '2024-06-21 08:55:33');
INSERT INTO DevSync.posts_categories (id, postId, categoryId, createdAt) VALUES (39, 11, 6, '2024-06-17 05:59:49');
INSERT INTO DevSync.posts_categories (id, postId, categoryId, createdAt) VALUES (41, 5, 2, '2024-07-11 03:05:03');
INSERT INTO DevSync.posts_categories (id, postId, categoryId, createdAt) VALUES (42, 7, 1, '2024-09-09 15:14:03');
INSERT INTO DevSync.posts_categories (id, postId, categoryId, createdAt) VALUES (43, 13, 7, '2024-07-26 01:02:55');
INSERT INTO DevSync.posts_categories (id, postId, categoryId, createdAt) VALUES (44, 7, 8, '2024-07-18 18:44:52');
INSERT INTO DevSync.posts_categories (id, postId, categoryId, createdAt) VALUES (45, 10, 1, '2024-06-27 18:50:54');
INSERT INTO DevSync.posts_categories (id, postId, categoryId, createdAt) VALUES (46, 20, 4, '2024-06-11 03:22:00');
INSERT INTO DevSync.posts_categories (id, postId, categoryId, createdAt) VALUES (47, 1, 7, '2024-11-02 22:27:31');
INSERT INTO DevSync.posts_categories (id, postId, categoryId, createdAt) VALUES (49, 7, 5, '2024-09-28 22:03:51');
INSERT INTO DevSync.posts_categories (id, postId, categoryId, createdAt) VALUES (50, 9, 5, '2024-10-31 19:00:05');
INSERT INTO DevSync.posts_categories (id, postId, categoryId, createdAt) VALUES (51, 24, 2, '2024-10-17 23:04:21');
INSERT INTO DevSync.posts_categories (id, postId, categoryId, createdAt) VALUES (52, 23, 2, '2024-10-29 06:22:03');
INSERT INTO DevSync.posts_categories (id, postId, categoryId, createdAt) VALUES (53, 18, 4, '2024-11-04 03:22:21');
INSERT INTO DevSync.posts_categories (id, postId, categoryId, createdAt) VALUES (54, 10, 2, '2024-10-10 09:23:57');
INSERT INTO DevSync.posts_categories (id, postId, categoryId, createdAt) VALUES (55, 22, 4, '2024-06-06 03:55:04');
INSERT INTO DevSync.posts_categories (id, postId, categoryId, createdAt) VALUES (56, 15, 3, '2024-08-05 00:07:26');
INSERT INTO DevSync.posts_categories (id, postId, categoryId, createdAt) VALUES (57, 24, 7, '2024-09-21 12:59:20');
INSERT INTO DevSync.posts_categories (id, postId, categoryId, createdAt) VALUES (59, 24, 6, '2024-11-07 08:24:59');
INSERT INTO DevSync.posts_categories (id, postId, categoryId, createdAt) VALUES (61, 11, 2, '2024-08-12 12:01:47');
INSERT INTO DevSync.posts_categories (id, postId, categoryId, createdAt) VALUES (62, 13, 8, '2024-11-17 14:22:02');
INSERT INTO DevSync.posts_categories (id, postId, categoryId, createdAt) VALUES (64, 19, 8, '2024-11-02 03:48:10');
INSERT INTO DevSync.posts_categories (id, postId, categoryId, createdAt) VALUES (65, 10, 3, '2024-11-09 13:20:22');
INSERT INTO DevSync.posts_categories (id, postId, categoryId, createdAt) VALUES (69, 21, 3, '2024-08-31 19:45:32');
INSERT INTO DevSync.posts_categories (id, postId, categoryId, createdAt) VALUES (70, 5, 4, '2024-06-26 03:48:44');
INSERT INTO DevSync.posts_categories (id, postId, categoryId, createdAt) VALUES (71, 12, 3, '2024-10-22 04:47:48');
INSERT INTO DevSync.posts_categories (id, postId, categoryId, createdAt) VALUES (72, 3, 1, '2024-08-30 15:35:25');
INSERT INTO DevSync.posts_categories (id, postId, categoryId, createdAt) VALUES (74, 3, 5, '2024-06-21 10:55:09');
INSERT INTO DevSync.posts_categories (id, postId, categoryId, createdAt) VALUES (75, 6, 8, '2024-07-18 00:37:44');

INSERT INTO DevSync.posts_favorites (id, createdById, postId, createdAt) VALUES (1, 6, 13, '2024-10-28 04:34:46');
INSERT INTO DevSync.posts_favorites (id, createdById, postId, createdAt) VALUES (2, 2, 12, '2024-10-02 09:03:49');
INSERT INTO DevSync.posts_favorites (id, createdById, postId, createdAt) VALUES (3, 5, 22, '2024-08-05 05:13:25');
INSERT INTO DevSync.posts_favorites (id, createdById, postId, createdAt) VALUES (5, 2, 20, '2024-08-21 19:50:20');
INSERT INTO DevSync.posts_favorites (id, createdById, postId, createdAt) VALUES (6, 5, 16, '2024-11-14 21:14:29');
INSERT INTO DevSync.posts_favorites (id, createdById, postId, createdAt) VALUES (7, 3, 20, '2024-09-09 15:20:31');
INSERT INTO DevSync.posts_favorites (id, createdById, postId, createdAt) VALUES (8, 5, 10, '2024-09-11 02:41:35');
INSERT INTO DevSync.posts_favorites (id, createdById, postId, createdAt) VALUES (9, 3, 16, '2024-09-21 20:19:15');
INSERT INTO DevSync.posts_favorites (id, createdById, postId, createdAt) VALUES (11, 2, 15, '2024-09-28 22:26:17');
INSERT INTO DevSync.posts_favorites (id, createdById, postId, createdAt) VALUES (12, 8, 4, '2024-08-20 13:39:13');
INSERT INTO DevSync.posts_favorites (id, createdById, postId, createdAt) VALUES (14, 3, 2, '2024-08-03 18:14:00');
INSERT INTO DevSync.posts_favorites (id, createdById, postId, createdAt) VALUES (15, 5, 19, '2024-10-31 01:59:40');
INSERT INTO DevSync.posts_favorites (id, createdById, postId, createdAt) VALUES (16, 2, 4, '2024-10-21 04:33:09');
INSERT INTO DevSync.posts_favorites (id, createdById, postId, createdAt) VALUES (17, 7, 1, '2024-09-04 01:13:50');
INSERT INTO DevSync.posts_favorites (id, createdById, postId, createdAt) VALUES (18, 3, 23, '2024-11-06 23:06:10');
INSERT INTO DevSync.posts_favorites (id, createdById, postId, createdAt) VALUES (19, 6, 14, '2024-06-15 04:39:15');
INSERT INTO DevSync.posts_favorites (id, createdById, postId, createdAt) VALUES (22, 4, 13, '2024-06-23 18:48:00');
INSERT INTO DevSync.posts_favorites (id, createdById, postId, createdAt) VALUES (23, 2, 19, '2024-06-30 05:56:58');
INSERT INTO DevSync.posts_favorites (id, createdById, postId, createdAt) VALUES (24, 8, 25, '2024-06-06 06:01:37');
INSERT INTO DevSync.posts_favorites (id, createdById, postId, createdAt) VALUES (25, 4, 5, '2024-06-28 18:40:33');
INSERT INTO DevSync.posts_favorites (id, createdById, postId, createdAt) VALUES (27, 4, 23, '2024-10-16 15:50:21');
INSERT INTO DevSync.posts_favorites (id, createdById, postId, createdAt) VALUES (28, 1, 17, '2024-09-05 04:32:04');
INSERT INTO DevSync.posts_favorites (id, createdById, postId, createdAt) VALUES (29, 5, 21, '2024-08-25 08:49:15');
INSERT INTO DevSync.posts_favorites (id, createdById, postId, createdAt) VALUES (30, 8, 20, '2024-06-13 21:22:12');
INSERT INTO DevSync.posts_favorites (id, createdById, postId, createdAt) VALUES (31, 3, 10, '2024-07-17 21:12:10');
INSERT INTO DevSync.posts_favorites (id, createdById, postId, createdAt) VALUES (32, 5, 14, '2024-06-02 04:05:00');
INSERT INTO DevSync.posts_favorites (id, createdById, postId, createdAt) VALUES (33, 5, 2, '2024-10-22 17:44:54');
INSERT INTO DevSync.posts_favorites (id, createdById, postId, createdAt) VALUES (35, 2, 13, '2024-09-27 23:13:40');
INSERT INTO DevSync.posts_favorites (id, createdById, postId, createdAt) VALUES (36, 6, 10, '2024-08-18 04:21:33');
INSERT INTO DevSync.posts_favorites (id, createdById, postId, createdAt) VALUES (37, 6, 24, '2024-07-01 18:43:01');
INSERT INTO DevSync.posts_favorites (id, createdById, postId, createdAt) VALUES (39, 1, 6, '2024-07-26 21:28:28');
INSERT INTO DevSync.posts_favorites (id, createdById, postId, createdAt) VALUES (40, 1, 21, '2024-08-02 16:40:02');
INSERT INTO DevSync.posts_favorites (id, createdById, postId, createdAt) VALUES (43, 8, 18, '2024-11-20 17:10:22');
INSERT INTO DevSync.posts_favorites (id, createdById, postId, createdAt) VALUES (44, 9, 2, '2024-11-22 18:16:04');
INSERT INTO DevSync.posts_favorites (id, createdById, postId, createdAt) VALUES (45, 9, 18, '2024-11-22 22:16:49');
INSERT INTO DevSync.posts_favorites (id, createdById, postId, createdAt) VALUES (49, 9, 5, '2024-11-22 22:49:42');
INSERT INTO DevSync.posts_favorites (id, createdById, postId, createdAt) VALUES (50, 9, 13, '2024-11-22 22:49:58');

INSERT INTO DevSync.comments (id, commentId, postId, createdById, content, isBest, status, createdAt) VALUES (2, null, 2, 4, 'Venia antea concido tendo summopere ab terror tricesimus dolorem.', 0, 'active', '2024-06-17 00:53:06');
INSERT INTO DevSync.comments (id, commentId, postId, createdById, content, isBest, status, createdAt) VALUES (3, null, 3, 1, 'Cras nostrum vapulus vitium nesciunt sequi odio valens degenero arceo.', 0, 'active', '2024-10-19 16:31:18');
INSERT INTO DevSync.comments (id, commentId, postId, createdById, content, isBest, status, createdAt) VALUES (4, null, 5, 7, 'Ex conqueror contabesco cras carmen armarium speculum tamen.', 0, 'active', '2024-06-10 20:23:07');
INSERT INTO DevSync.comments (id, commentId, postId, createdById, content, isBest, status, createdAt) VALUES (5, null, 1, 1, 'Trado molestias libero concedo caritas.', 0, 'active', '2024-07-25 03:18:42');
INSERT INTO DevSync.comments (id, commentId, postId, createdById, content, isBest, status, createdAt) VALUES (6, null, 9, 3, 'Terebro patruus facilis arca asper utrimque vinitor stella defessus.', 0, 'active', '2024-11-23 15:42:31');
INSERT INTO DevSync.comments (id, commentId, postId, createdById, content, isBest, status, createdAt) VALUES (7, null, 6, 2, 'Debilito vesica utpote decor crur spiculum.', 0, 'active', '2024-09-10 01:43:10');
INSERT INTO DevSync.comments (id, commentId, postId, createdById, content, isBest, status, createdAt) VALUES (8, null, 16, 7, 'Curatio voro similique vomica cunabula blanditiis canonicus tubineus.', 0, 'active', '2024-08-30 09:05:16');
INSERT INTO DevSync.comments (id, commentId, postId, createdById, content, isBest, status, createdAt) VALUES (9, null, 25, 5, 'Bellum vicissitudo considero sol careo infit.', 0, 'active', '2024-07-02 03:58:59');
INSERT INTO DevSync.comments (id, commentId, postId, createdById, content, isBest, status, createdAt) VALUES (10, null, 7, 5, 'Creta altus administratio color absens.', 0, 'active', '2024-08-21 19:34:59');
INSERT INTO DevSync.comments (id, commentId, postId, createdById, content, isBest, status, createdAt) VALUES (11, null, 24, 3, 'Abbas delego sulum nemo deleo venustas stipes talus.', 1, 'active', '2024-11-01 20:19:49');
INSERT INTO DevSync.comments (id, commentId, postId, createdById, content, isBest, status, createdAt) VALUES (12, null, 18, 5, 'Aduro uter adversus cotidie quasi tyrannus soleo.', 0, 'active', '2024-10-19 00:59:11');
INSERT INTO DevSync.comments (id, commentId, postId, createdById, content, isBest, status, createdAt) VALUES (13, null, 25, 8, 'Ultra adnuo patruus vulgaris arbustum celebrer candidus cedo deorsum comes.', 0, 'active', '2024-08-20 13:36:12');
INSERT INTO DevSync.comments (id, commentId, postId, createdById, content, isBest, status, createdAt) VALUES (14, null, 16, 5, 'Viscus tergeo sint sophismata sum approbo.', 0, 'active', '2024-06-06 11:57:55');
INSERT INTO DevSync.comments (id, commentId, postId, createdById, content, isBest, status, createdAt) VALUES (15, null, 10, 3, 'Creator vae sunt velut tres.', 0, 'active', '2024-11-17 01:02:18');
INSERT INTO DevSync.comments (id, commentId, postId, createdById, content, isBest, status, createdAt) VALUES (16, null, 7, 1, 'Defetiscor tandem ubi rem eveniet admiratio amor tendo.', 0, 'active', '2024-10-14 09:36:53');
INSERT INTO DevSync.comments (id, commentId, postId, createdById, content, isBest, status, createdAt) VALUES (17, null, 7, 2, 'Degero considero defleo ago aufero somnus comedo usitas baiulus.', 1, 'active', '2024-11-09 17:50:59');
INSERT INTO DevSync.comments (id, commentId, postId, createdById, content, isBest, status, createdAt) VALUES (18, null, 3, 8, 'Civis nulla animi derideo aspicio cuius cubitum acer.', 0, 'active', '2024-10-07 04:16:09');
INSERT INTO DevSync.comments (id, commentId, postId, createdById, content, isBest, status, createdAt) VALUES (19, null, 25, 3, 'Mollitia perferendis subseco defessus sustineo adipiscor compono facere.', 0, 'active', '2024-07-11 00:51:03');
INSERT INTO DevSync.comments (id, commentId, postId, createdById, content, isBest, status, createdAt) VALUES (20, null, 21, 5, 'Aedificium astrum vindico voluptates vulnus statim spero depopulo cumque deputo.', 0, 'active', '2024-06-17 21:55:37');
INSERT INTO DevSync.comments (id, commentId, postId, createdById, content, isBest, status, createdAt) VALUES (24, null, 3, 2, 'Apto baiulus tersus debilito addo.', 0, 'active', '2024-07-24 04:57:57');
INSERT INTO DevSync.comments (id, commentId, postId, createdById, content, isBest, status, createdAt) VALUES (26, null, 4, 6, 'Virgo voveo cura cubitum depraedor consequatur alias.', 0, 'active', '2024-08-04 04:30:12');
INSERT INTO DevSync.comments (id, commentId, postId, createdById, content, isBest, status, createdAt) VALUES (27, null, 8, 7, 'Contra spoliatio aveho quibusdam sufficio comis carbo deserunt supra.', 0, 'active', '2024-09-12 04:27:50');
INSERT INTO DevSync.comments (id, commentId, postId, createdById, content, isBest, status, createdAt) VALUES (28, null, 11, 8, 'Corporis terga quo supellex infit acsi absconditus.', 1, 'active', '2024-09-02 06:22:08');
INSERT INTO DevSync.comments (id, commentId, postId, createdById, content, isBest, status, createdAt) VALUES (30, null, 5, 8, 'Coerceo statim tero.', 1, 'active', '2024-08-31 04:01:14');
INSERT INTO DevSync.comments (id, commentId, postId, createdById, content, isBest, status, createdAt) VALUES (31, null, 20, 7, 'Accusantium capio casso absens curis.', 0, 'active', '2024-10-26 09:02:11');
INSERT INTO DevSync.comments (id, commentId, postId, createdById, content, isBest, status, createdAt) VALUES (32, null, 25, 3, 'Vulgivagus considero sto aperiam aedificium alius volup curiositas vel.', 0, 'active', '2024-07-18 13:10:54');
INSERT INTO DevSync.comments (id, commentId, postId, createdById, content, isBest, status, createdAt) VALUES (33, null, 10, 1, 'Doloremque torqueo taceo solio ulciscor admoveo inventore coniuratio cura arto.', 0, 'active', '2024-07-20 09:26:21');
INSERT INTO DevSync.comments (id, commentId, postId, createdById, content, isBest, status, createdAt) VALUES (34, null, 7, 6, 'Bestia catena avarus derelinquo bellum earum desidero textor crux.', 0, 'active', '2024-10-06 13:51:11');
INSERT INTO DevSync.comments (id, commentId, postId, createdById, content, isBest, status, createdAt) VALUES (35, null, 20, 1, 'Atqui validus carmen curis thymbra considero voluptatibus cunctatio vulpes.', 1, 'active', '2024-06-11 22:00:46');
INSERT INTO DevSync.comments (id, commentId, postId, createdById, content, isBest, status, createdAt) VALUES (36, null, 9, 8, 'Supellex attero aer toties blanditiis bellum deleniti ipsam.', 1, 'active', '2024-08-31 22:28:15');
INSERT INTO DevSync.comments (id, commentId, postId, createdById, content, isBest, status, createdAt) VALUES (38, null, 21, 2, 'Magnam cubitum cedo.', 0, 'active', '2024-07-16 04:30:51');
INSERT INTO DevSync.comments (id, commentId, postId, createdById, content, isBest, status, createdAt) VALUES (40, null, 25, 7, 'Umerus adsuesco confido expedita casso celer abutor cibo natus.', 0, 'active', '2024-09-13 10:55:39');
INSERT INTO DevSync.comments (id, commentId, postId, createdById, content, isBest, status, createdAt) VALUES (43, null, 20, 3, 'Sub catena tandem vitiosus clam.', 0, 'active', '2024-08-14 21:16:58');
INSERT INTO DevSync.comments (id, commentId, postId, createdById, content, isBest, status, createdAt) VALUES (44, null, 12, 7, 'Nulla totam una aliqua despecto cubicularis convoco viridis cui articulus.', 0, 'active', '2024-08-17 07:43:51');
INSERT INTO DevSync.comments (id, commentId, postId, createdById, content, isBest, status, createdAt) VALUES (45, null, 3, 7, 'Conqueror vulticulus collum capto nisi adstringo cubo delicate compono.', 0, 'active', '2024-10-16 18:01:34');
INSERT INTO DevSync.comments (id, commentId, postId, createdById, content, isBest, status, createdAt) VALUES (46, null, 4, 4, 'Corrigo advenio caput cura taedium thema.', 0, 'active', '2024-08-16 10:59:07');
INSERT INTO DevSync.comments (id, commentId, postId, createdById, content, isBest, status, createdAt) VALUES (47, null, 22, 2, 'Cohors sursum crastinus conqueror umquam cunae.', 0, 'active', '2024-11-11 07:38:55');
INSERT INTO DevSync.comments (id, commentId, postId, createdById, content, isBest, status, createdAt) VALUES (49, null, 10, 7, 'Cubicularis conor terror aduro rerum cupressus textus suppellex.', 0, 'active', '2024-07-29 17:35:54');
INSERT INTO DevSync.comments (id, commentId, postId, createdById, content, isBest, status, createdAt) VALUES (50, null, 11, 3, 'Cedo tredecim calcar patria excepturi a cariosus utpote tonsor.', 0, 'active', '2024-06-20 12:48:34');
INSERT INTO DevSync.comments (id, commentId, postId, createdById, content, isBest, status, createdAt) VALUES (51, 42, 24, 8, 'Ventito sumo speculum ventus solitudo chirographum laudantium terreo.', 0, 'active', '2024-11-05 22:09:34');
INSERT INTO DevSync.comments (id, commentId, postId, createdById, content, isBest, status, createdAt) VALUES (52, 13, 11, 2, 'Victus eveniet careo.', 0, 'active', '2024-07-19 12:12:45');
INSERT INTO DevSync.comments (id, commentId, postId, createdById, content, isBest, status, createdAt) VALUES (53, 31, 19, 5, 'Debeo cilicium canto.', 0, 'active', '2024-09-14 15:43:13');
INSERT INTO DevSync.comments (id, commentId, postId, createdById, content, isBest, status, createdAt) VALUES (54, 23, 5, 4, 'Blanditiis conforto tolero absconditus reiciendis adversus alius.', 0, 'active', '2024-10-12 14:32:55');
INSERT INTO DevSync.comments (id, commentId, postId, createdById, content, isBest, status, createdAt) VALUES (55, 19, 4, 1, 'Cribro coniuratio summisse.', 0, 'active', '2024-07-29 13:21:30');
INSERT INTO DevSync.comments (id, commentId, postId, createdById, content, isBest, status, createdAt) VALUES (56, 17, 22, 8, 'Tabella calco absens vir sodalitas verbum deripio.', 0, 'active', '2024-07-27 02:45:53');
INSERT INTO DevSync.comments (id, commentId, postId, createdById, content, isBest, status, createdAt) VALUES (58, 43, 14, 6, 'Facilis voluptates dignissimos.', 0, 'active', '2024-10-12 09:55:08');
INSERT INTO DevSync.comments (id, commentId, postId, createdById, content, isBest, status, createdAt) VALUES (59, 41, 6, 6, 'Desipio atqui comis vigilo civitas culpo aggredior.', 0, 'active', '2024-06-10 15:44:42');
INSERT INTO DevSync.comments (id, commentId, postId, createdById, content, isBest, status, createdAt) VALUES (61, 7, 15, 5, 'Canonicus curvo eveniet tabella vicinus tredecim apostolus.', 0, 'active', '2024-10-31 09:18:21');
INSERT INTO DevSync.comments (id, commentId, postId, createdById, content, isBest, status, createdAt) VALUES (62, 25, 18, 7, 'Patrocinor conscendo cupiditate soluta tamen casus reprehenderit.', 0, 'active', '2024-07-12 11:14:43');
INSERT INTO DevSync.comments (id, commentId, postId, createdById, content, isBest, status, createdAt) VALUES (63, 7, 9, 8, 'Velociter concedo inventore tero incidunt trucido tripudio caecus decipio defaeco.', 0, 'active', '2024-06-29 00:17:02');
INSERT INTO DevSync.comments (id, commentId, postId, createdById, content, isBest, status, createdAt) VALUES (64, 21, 17, 2, 'Ager sint usque.', 0, 'active', '2024-07-12 01:48:28');
INSERT INTO DevSync.comments (id, commentId, postId, createdById, content, isBest, status, createdAt) VALUES (67, 5, 4, 1, 'Tergeo sperno tubineus ab.', 0, 'active', '2024-10-18 05:08:45');
INSERT INTO DevSync.comments (id, commentId, postId, createdById, content, isBest, status, createdAt) VALUES (69, 28, 1, 8, 'Desidero conforto arbor auditor utique deludo benevolentia veritatis.', 0, 'active', '2024-10-28 01:52:37');
INSERT INTO DevSync.comments (id, commentId, postId, createdById, content, isBest, status, createdAt) VALUES (70, 21, 20, 1, 'Adeptio voro comptus volaticus traho animadverto thalassinus artificiose.', 0, 'active', '2024-06-26 12:59:40');
INSERT INTO DevSync.comments (id, commentId, postId, createdById, content, isBest, status, createdAt) VALUES (71, 30, 21, 5, 'Teneo adduco quibusdam.', 0, 'active', '2024-09-16 08:53:02');
INSERT INTO DevSync.comments (id, commentId, postId, createdById, content, isBest, status, createdAt) VALUES (72, 20, 21, 2, 'Comedo aer sublime autus subiungo accendo cura sol.', 0, 'active', '2024-06-19 19:05:54');
INSERT INTO DevSync.comments (id, commentId, postId, createdById, content, isBest, status, createdAt) VALUES (73, 32, 16, 8, 'Adhuc peior alias.', 0, 'active', '2024-09-14 11:14:48');
INSERT INTO DevSync.comments (id, commentId, postId, createdById, content, isBest, status, createdAt) VALUES (74, 30, 14, 5, 'Ipsam adsum velut utrimque assentator corrumpo tenax verumtamen curia voveo.', 0, 'active', '2024-06-27 18:19:20');
INSERT INTO DevSync.comments (id, commentId, postId, createdById, content, isBest, status, createdAt) VALUES (77, 44, 6, 4, 'Videlicet amicitia amplus.', 0, 'active', '2024-07-29 20:38:34');
INSERT INTO DevSync.comments (id, commentId, postId, createdById, content, isBest, status, createdAt) VALUES (78, 50, 7, 6, 'Cimentarius caecus sortitus ullus iure tenuis vivo.', 0, 'active', '2024-08-13 04:11:53');
INSERT INTO DevSync.comments (id, commentId, postId, createdById, content, isBest, status, createdAt) VALUES (79, 14, 1, 6, 'Aufero somniculosus ver.', 0, 'active', '2024-10-09 02:04:28');
INSERT INTO DevSync.comments (id, commentId, postId, createdById, content, isBest, status, createdAt) VALUES (80, 15, 24, 7, 'Vulpes sufficio centum a verbera avaritia decens copiose et adulatio.', 0, 'active', '2024-06-21 19:00:06');
INSERT INTO DevSync.comments (id, commentId, postId, createdById, content, isBest, status, createdAt) VALUES (81, 14, 2, 5, 'Uberrime voco aer sed.', 0, 'active', '2024-10-09 07:21:43');
INSERT INTO DevSync.comments (id, commentId, postId, createdById, content, isBest, status, createdAt) VALUES (82, 18, 13, 3, 'Caritas valens vox vapulus comis maxime.', 0, 'active', '2024-06-30 16:59:04');
INSERT INTO DevSync.comments (id, commentId, postId, createdById, content, isBest, status, createdAt) VALUES (83, 50, 2, 4, 'Verto adnuo curia succedo patior constans curiositas ater aliquid.', 0, 'active', '2024-09-04 04:26:19');
INSERT INTO DevSync.comments (id, commentId, postId, createdById, content, isBest, status, createdAt) VALUES (84, 16, 1, 4, 'Ea aer adipiscor adnuo.', 0, 'active', '2024-08-18 02:23:55');
INSERT INTO DevSync.comments (id, commentId, postId, createdById, content, isBest, status, createdAt) VALUES (85, 19, 11, 7, 'Vesica cunabula adsidue suus comminor tunc suscipio ultio defluo terga.', 0, 'active', '2024-08-06 09:18:36');
INSERT INTO DevSync.comments (id, commentId, postId, createdById, content, isBest, status, createdAt) VALUES (87, 22, 8, 2, 'Copia cedo dapifer aedificium venia adulescens thermae quasi barba venia.', 0, 'active', '2024-11-11 18:07:00');
INSERT INTO DevSync.comments (id, commentId, postId, createdById, content, isBest, status, createdAt) VALUES (88, 32, 3, 3, 'Alienus arca ex sint aiunt thermae.', 0, 'active', '2024-11-08 09:31:15');
INSERT INTO DevSync.comments (id, commentId, postId, createdById, content, isBest, status, createdAt) VALUES (89, 49, 20, 5, 'Circumvenio dedico vobis conturbo somniculosus.', 0, 'active', '2024-07-28 12:10:55');
INSERT INTO DevSync.comments (id, commentId, postId, createdById, content, isBest, status, createdAt) VALUES (90, 33, 13, 8, 'Thesaurus aureus decretum abstergo coepi aurum attollo dapifer crustulum alius.', 0, 'active', '2024-10-25 14:00:07');
INSERT INTO DevSync.comments (id, commentId, postId, createdById, content, isBest, status, createdAt) VALUES (92, 4, 11, 6, 'Cultellus triduana demo.', 0, 'active', '2024-09-15 08:24:51');
INSERT INTO DevSync.comments (id, commentId, postId, createdById, content, isBest, status, createdAt) VALUES (93, 41, 18, 3, 'Ambitus curto eligendi summa delego vito decens.', 0, 'active', '2024-08-12 14:35:03');
INSERT INTO DevSync.comments (id, commentId, postId, createdById, content, isBest, status, createdAt) VALUES (94, 34, 5, 1, 'Autem comparo absens decens amplexus tremo sui veniam nesciunt appositus.', 0, 'active', '2024-11-09 01:40:16');
INSERT INTO DevSync.comments (id, commentId, postId, createdById, content, isBest, status, createdAt) VALUES (95, 49, 2, 8, 'Coniecto coerceo subvenio tandem.', 0, 'active', '2024-07-14 23:28:57');
INSERT INTO DevSync.comments (id, commentId, postId, createdById, content, isBest, status, createdAt) VALUES (96, 38, 1, 6, 'Assentator uter debitis censura copia caritas.', 0, 'active', '2024-09-17 21:22:32');
INSERT INTO DevSync.comments (id, commentId, postId, createdById, content, isBest, status, createdAt) VALUES (97, 33, 12, 8, 'Veniam id delibero damno abeo ascit carbo adversus utpote cauda.', 0, 'active', '2024-09-03 09:53:57');
INSERT INTO DevSync.comments (id, commentId, postId, createdById, content, isBest, status, createdAt) VALUES (103, null, 23, 9, 'If the new module includes complex operations, such as image processing, heavy computations, or external API calls, it can slow down the response time. Analyze the time taken by each part of the module to identify bottlenecks.', 1, 'active', '2024-11-22 22:48:09');
INSERT INTO DevSync.comments (id, commentId, postId, createdById, content, isBest, status, createdAt) VALUES (104, null, 13, 9, 'There could be several reasons why your REST API is slower after adding a new module. Here are some possibilities to investigate.', 0, 'active', '2024-11-22 22:50:12');
INSERT INTO DevSync.comments (id, commentId, postId, createdById, content, isBest, status, createdAt) VALUES (105, 12, 18, 9, 'If the new module includes complex operations, such as image processing, heavy computations, or external API calls, it can slow down the response time. Analyze the time taken by each part of the module to identify bottlenecks.', 0, 'active', '2024-11-22 22:50:37');
INSERT INTO DevSync.comments (id, commentId, postId, createdById, content, isBest, status, createdAt) VALUES (1, null, 22, 2, 'Terreo ipsum talio campana somniculosus totidem.', 0, 'inactive', '2024-10-29 03:27:51');
INSERT INTO DevSync.comments (id, commentId, postId, createdById, content, isBest, status, createdAt) VALUES (21, null, 7, 1, 'Callide derelinquo suscipio alveus veritatis trucido accendo.', 0, 'inactive', '2024-10-09 22:14:57');
INSERT INTO DevSync.comments (id, commentId, postId, createdById, content, isBest, status, createdAt) VALUES (22, null, 14, 8, 'Temeritas apud ut cursim conatus alioqui bis absque casus.', 0, 'inactive', '2024-08-31 21:51:12');
INSERT INTO DevSync.comments (id, commentId, postId, createdById, content, isBest, status, createdAt) VALUES (23, null, 6, 3, 'Voluptate sit celo.', 0, 'inactive', '2024-10-06 15:04:56');
INSERT INTO DevSync.comments (id, commentId, postId, createdById, content, isBest, status, createdAt) VALUES (25, null, 25, 1, 'Spiculum repellat capillus demonstro corroboro ago defaeco.', 0, 'inactive', '2024-11-04 00:19:54');
INSERT INTO DevSync.comments (id, commentId, postId, createdById, content, isBest, status, createdAt) VALUES (29, null, 5, 5, 'Aro tripudio tergiversatio iure caterva cuppedia tot.', 0, 'inactive', '2024-10-09 04:52:27');
INSERT INTO DevSync.comments (id, commentId, postId, createdById, content, isBest, status, createdAt) VALUES (37, null, 9, 4, 'Despecto amplexus creber desidero ceno.', 0, 'inactive', '2024-09-03 20:25:50');
INSERT INTO DevSync.comments (id, commentId, postId, createdById, content, isBest, status, createdAt) VALUES (39, null, 19, 8, 'Voveo eius pecco cruciamentum vitae aggredior adulatio thymbra.', 0, 'inactive', '2024-08-16 02:56:26');
INSERT INTO DevSync.comments (id, commentId, postId, createdById, content, isBest, status, createdAt) VALUES (41, null, 24, 3, 'Artificiose denego atavus comedo cohibeo paens vivo harum.', 0, 'inactive', '2024-09-24 04:29:21');
INSERT INTO DevSync.comments (id, commentId, postId, createdById, content, isBest, status, createdAt) VALUES (42, null, 6, 1, 'Deputo adulatio vitium usitas suus.', 0, 'inactive', '2024-09-12 09:14:33');
INSERT INTO DevSync.comments (id, commentId, postId, createdById, content, isBest, status, createdAt) VALUES (48, null, 14, 3, 'Aeger calculus dicta accusamus subvenio vulnero coerceo curtus aiunt.', 0, 'inactive', '2024-11-18 12:50:30');
INSERT INTO DevSync.comments (id, commentId, postId, createdById, content, isBest, status, createdAt) VALUES (57, 28, 10, 3, 'Vox similique quisquam canto.', 0, 'inactive', '2024-09-25 19:30:48');
INSERT INTO DevSync.comments (id, commentId, postId, createdById, content, isBest, status, createdAt) VALUES (60, 9, 1, 4, 'Unde attero suffoco tenus reiciendis adsidue terreo.', 0, 'inactive', '2024-07-05 02:21:01');
INSERT INTO DevSync.comments (id, commentId, postId, createdById, content, isBest, status, createdAt) VALUES (65, 5, 9, 3, 'Facere supplanto animadverto defessus comedo libero territo acsi.', 0, 'inactive', '2024-09-03 14:06:56');
INSERT INTO DevSync.comments (id, commentId, postId, createdById, content, isBest, status, createdAt) VALUES (66, 4, 5, 1, 'Aggero adipiscor patria adipisci titulus.', 0, 'inactive', '2024-07-10 10:54:46');
INSERT INTO DevSync.comments (id, commentId, postId, createdById, content, isBest, status, createdAt) VALUES (68, 1, 5, 2, 'Adaugeo cohibeo harum arcus vulgivagus civis.', 0, 'inactive', '2024-07-21 11:00:43');
INSERT INTO DevSync.comments (id, commentId, postId, createdById, content, isBest, status, createdAt) VALUES (75, 48, 7, 6, 'Supplanto ut suasoria voluptatum tunc cumque odio sulum teneo aedificium.', 0, 'inactive', '2024-06-13 05:28:34');
INSERT INTO DevSync.comments (id, commentId, postId, createdById, content, isBest, status, createdAt) VALUES (76, 37, 18, 3, 'Repudiandae abscido bestia altus absconditus.', 0, 'inactive', '2024-07-21 11:08:17');
INSERT INTO DevSync.comments (id, commentId, postId, createdById, content, isBest, status, createdAt) VALUES (91, 2, 4, 2, 'Antiquus vinum sub.', 0, 'inactive', '2024-09-09 17:12:46');
INSERT INTO DevSync.comments (id, commentId, postId, createdById, content, isBest, status, createdAt) VALUES (98, 48, 8, 2, 'Animi dolorem culpo deleniti conscendo.', 0, 'inactive', '2024-08-07 10:26:04');
INSERT INTO DevSync.comments (id, commentId, postId, createdById, content, isBest, status, createdAt) VALUES (99, 1, 6, 4, 'Verbera corporis cometes vicinus demulceo conscendo barba audentia demo tot.', 0, 'inactive', '2024-07-13 11:20:44');
INSERT INTO DevSync.comments (id, commentId, postId, createdById, content, isBest, status, createdAt) VALUES (100, 50, 5, 8, 'Laboriosam corrupti odit asper stips spiculum vaco magni animi timor.', 0, 'inactive', '2024-07-20 10:41:06');
INSERT INTO DevSync.comments (id, commentId, postId, createdById, content, isBest, status, createdAt) VALUES (102, null, 7, 9, 'How to organize a CI/CD process for a monolithic application?', 0, 'inactive', '2024-11-22 22:36:46');

INSERT INTO DevSync.likes (id, createdById, postId, commentId, type, createdAt) VALUES (1, 5, 13, null, 'like', '2024-06-28 00:26:01');
INSERT INTO DevSync.likes (id, createdById, postId, commentId, type, createdAt) VALUES (2, 7, 20, null, 'like', '2024-10-01 13:19:34');
INSERT INTO DevSync.likes (id, createdById, postId, commentId, type, createdAt) VALUES (3, 8, 5, null, 'like', '2024-08-18 09:15:55');
INSERT INTO DevSync.likes (id, createdById, postId, commentId, type, createdAt) VALUES (4, 4, 19, null, 'like', '2024-07-27 02:17:30');
INSERT INTO DevSync.likes (id, createdById, postId, commentId, type, createdAt) VALUES (5, 1, 3, null, 'like', '2024-10-26 01:57:55');
INSERT INTO DevSync.likes (id, createdById, postId, commentId, type, createdAt) VALUES (6, 1, 22, null, 'like', '2024-07-01 14:14:37');
INSERT INTO DevSync.likes (id, createdById, postId, commentId, type, createdAt) VALUES (7, 6, 7, null, 'like', '2024-07-05 19:37:55');
INSERT INTO DevSync.likes (id, createdById, postId, commentId, type, createdAt) VALUES (8, 5, 21, null, 'like', '2024-11-14 10:27:32');
INSERT INTO DevSync.likes (id, createdById, postId, commentId, type, createdAt) VALUES (9, 7, 8, null, 'like', '2024-10-25 11:13:03');
INSERT INTO DevSync.likes (id, createdById, postId, commentId, type, createdAt) VALUES (10, 4, 4, null, 'like', '2024-11-04 00:29:31');
INSERT INTO DevSync.likes (id, createdById, postId, commentId, type, createdAt) VALUES (12, 7, 4, null, 'like', '2024-11-19 10:53:02');
INSERT INTO DevSync.likes (id, createdById, postId, commentId, type, createdAt) VALUES (13, 4, 8, null, 'like', '2024-08-15 11:39:55');
INSERT INTO DevSync.likes (id, createdById, postId, commentId, type, createdAt) VALUES (14, 1, 23, null, 'like', '2024-08-10 02:55:07');
INSERT INTO DevSync.likes (id, createdById, postId, commentId, type, createdAt) VALUES (15, 1, 25, null, 'like', '2024-11-21 07:30:08');
INSERT INTO DevSync.likes (id, createdById, postId, commentId, type, createdAt) VALUES (17, 6, 2, null, 'like', '2024-08-27 11:40:27');
INSERT INTO DevSync.likes (id, createdById, postId, commentId, type, createdAt) VALUES (18, 1, 9, null, 'like', '2024-07-21 23:43:18');
INSERT INTO DevSync.likes (id, createdById, postId, commentId, type, createdAt) VALUES (19, 7, 16, null, 'like', '2024-06-30 13:36:21');
INSERT INTO DevSync.likes (id, createdById, postId, commentId, type, createdAt) VALUES (20, 7, 14, null, 'like', '2024-10-30 06:30:19');
INSERT INTO DevSync.likes (id, createdById, postId, commentId, type, createdAt) VALUES (21, 4, 16, null, 'like', '2024-09-14 08:41:45');
INSERT INTO DevSync.likes (id, createdById, postId, commentId, type, createdAt) VALUES (22, 1, 10, null, 'like', '2024-10-08 05:18:21');
INSERT INTO DevSync.likes (id, createdById, postId, commentId, type, createdAt) VALUES (23, 4, 5, null, 'like', '2024-10-01 23:18:31');
INSERT INTO DevSync.likes (id, createdById, postId, commentId, type, createdAt) VALUES (24, 3, 7, null, 'like', '2024-06-17 14:39:02');
INSERT INTO DevSync.likes (id, createdById, postId, commentId, type, createdAt) VALUES (25, 1, 20, null, 'like', '2024-09-11 00:53:18');
INSERT INTO DevSync.likes (id, createdById, postId, commentId, type, createdAt) VALUES (26, 2, 1, null, 'like', '2024-09-01 11:23:23');
INSERT INTO DevSync.likes (id, createdById, postId, commentId, type, createdAt) VALUES (27, 1, 15, null, 'like', '2024-11-20 07:45:12');
INSERT INTO DevSync.likes (id, createdById, postId, commentId, type, createdAt) VALUES (28, 3, 17, null, 'like', '2024-07-31 21:39:23');
INSERT INTO DevSync.likes (id, createdById, postId, commentId, type, createdAt) VALUES (29, 6, 11, null, 'like', '2024-10-20 09:57:49');
INSERT INTO DevSync.likes (id, createdById, postId, commentId, type, createdAt) VALUES (30, 6, 8, null, 'like', '2024-10-25 08:25:51');
INSERT INTO DevSync.likes (id, createdById, postId, commentId, type, createdAt) VALUES (31, 5, 25, null, 'like', '2024-07-04 10:16:44');
INSERT INTO DevSync.likes (id, createdById, postId, commentId, type, createdAt) VALUES (32, 7, 24, null, 'like', '2024-10-26 17:53:12');
INSERT INTO DevSync.likes (id, createdById, postId, commentId, type, createdAt) VALUES (33, 2, 12, null, 'dislike', '2024-08-03 17:53:28');
INSERT INTO DevSync.likes (id, createdById, postId, commentId, type, createdAt) VALUES (35, 4, 18, null, 'dislike', '2024-08-04 08:53:29');
INSERT INTO DevSync.likes (id, createdById, postId, commentId, type, createdAt) VALUES (36, 5, 8, null, 'like', '2024-07-31 04:40:50');
INSERT INTO DevSync.likes (id, createdById, postId, commentId, type, createdAt) VALUES (38, 4, 15, null, 'dislike', '2024-06-22 12:59:54');
INSERT INTO DevSync.likes (id, createdById, postId, commentId, type, createdAt) VALUES (39, 5, 19, null, 'dislike', '2024-11-13 01:30:32');
INSERT INTO DevSync.likes (id, createdById, postId, commentId, type, createdAt) VALUES (40, 1, 2, null, 'dislike', '2024-09-26 00:25:26');
INSERT INTO DevSync.likes (id, createdById, postId, commentId, type, createdAt) VALUES (42, 8, 7, null, 'dislike', '2024-07-25 06:09:48');
INSERT INTO DevSync.likes (id, createdById, postId, commentId, type, createdAt) VALUES (43, 4, 24, null, 'dislike', '2024-08-14 21:01:55');
INSERT INTO DevSync.likes (id, createdById, postId, commentId, type, createdAt) VALUES (44, 7, 23, null, 'dislike', '2024-11-20 12:15:28');
INSERT INTO DevSync.likes (id, createdById, postId, commentId, type, createdAt) VALUES (45, 1, 1, null, 'like', '2024-10-28 14:58:38');
INSERT INTO DevSync.likes (id, createdById, postId, commentId, type, createdAt) VALUES (46, 8, 3, null, 'dislike', '2024-09-30 00:54:14');
INSERT INTO DevSync.likes (id, createdById, postId, commentId, type, createdAt) VALUES (47, 6, 3, null, 'like', '2024-11-07 05:15:29');
INSERT INTO DevSync.likes (id, createdById, postId, commentId, type, createdAt) VALUES (49, 1, 11, null, 'like', '2024-10-14 17:29:40');
INSERT INTO DevSync.likes (id, createdById, postId, commentId, type, createdAt) VALUES (50, 8, 19, null, 'dislike', '2024-10-28 11:18:34');
INSERT INTO DevSync.likes (id, createdById, postId, commentId, type, createdAt) VALUES (51, 4, 14, null, 'dislike', '2024-10-20 12:12:09');
INSERT INTO DevSync.likes (id, createdById, postId, commentId, type, createdAt) VALUES (52, 7, 15, null, 'like', '2024-11-16 09:41:32');
INSERT INTO DevSync.likes (id, createdById, postId, commentId, type, createdAt) VALUES (53, 5, 23, null, 'like', '2024-06-23 04:29:41');
INSERT INTO DevSync.likes (id, createdById, postId, commentId, type, createdAt) VALUES (57, 1, 12, null, 'dislike', '2024-08-22 16:27:07');
INSERT INTO DevSync.likes (id, createdById, postId, commentId, type, createdAt) VALUES (58, 6, 15, null, 'like', '2024-11-13 22:00:18');
INSERT INTO DevSync.likes (id, createdById, postId, commentId, type, createdAt) VALUES (60, 2, 10, null, 'dislike', '2024-08-05 01:27:47');
INSERT INTO DevSync.likes (id, createdById, postId, commentId, type, createdAt) VALUES (61, 3, 25, null, 'like', '2024-07-22 09:42:21');
INSERT INTO DevSync.likes (id, createdById, postId, commentId, type, createdAt) VALUES (62, 3, 20, null, 'like', '2024-08-06 14:02:49');
INSERT INTO DevSync.likes (id, createdById, postId, commentId, type, createdAt) VALUES (64, 4, 13, null, 'like', '2024-08-20 09:04:38');
INSERT INTO DevSync.likes (id, createdById, postId, commentId, type, createdAt) VALUES (65, 4, 20, null, 'dislike', '2024-10-17 21:10:22');
INSERT INTO DevSync.likes (id, createdById, postId, commentId, type, createdAt) VALUES (66, 3, 13, null, 'like', '2024-10-20 12:51:19');
INSERT INTO DevSync.likes (id, createdById, postId, commentId, type, createdAt) VALUES (70, 2, 5, null, 'dislike', '2024-09-01 05:45:01');
INSERT INTO DevSync.likes (id, createdById, postId, commentId, type, createdAt) VALUES (72, 7, 12, null, 'dislike', '2024-08-07 18:07:49');
INSERT INTO DevSync.likes (id, createdById, postId, commentId, type, createdAt) VALUES (73, 2, 17, null, 'dislike', '2024-09-29 01:51:48');
INSERT INTO DevSync.likes (id, createdById, postId, commentId, type, createdAt) VALUES (74, 2, 13, null, 'like', '2024-10-16 18:47:28');
INSERT INTO DevSync.likes (id, createdById, postId, commentId, type, createdAt) VALUES (75, 4, 21, null, 'dislike', '2024-06-16 07:02:38');
INSERT INTO DevSync.likes (id, createdById, postId, commentId, type, createdAt) VALUES (76, 2, 24, null, 'dislike', '2024-11-13 08:36:58');
INSERT INTO DevSync.likes (id, createdById, postId, commentId, type, createdAt) VALUES (78, 1, 24, null, 'like', '2024-11-09 08:47:56');
INSERT INTO DevSync.likes (id, createdById, postId, commentId, type, createdAt) VALUES (79, 4, 10, null, 'like', '2024-07-01 01:00:20');
INSERT INTO DevSync.likes (id, createdById, postId, commentId, type, createdAt) VALUES (80, 7, 3, null, 'like', '2024-09-11 08:38:31');
INSERT INTO DevSync.likes (id, createdById, postId, commentId, type, createdAt) VALUES (81, 3, 8, null, 'dislike', '2024-11-15 04:41:31');
INSERT INTO DevSync.likes (id, createdById, postId, commentId, type, createdAt) VALUES (82, 7, 18, null, 'dislike', '2024-07-16 20:03:09');
INSERT INTO DevSync.likes (id, createdById, postId, commentId, type, createdAt) VALUES (83, 2, 20, null, 'dislike', '2024-09-19 05:07:26');
INSERT INTO DevSync.likes (id, createdById, postId, commentId, type, createdAt) VALUES (84, 2, 6, null, 'dislike', '2024-11-15 09:09:41');
INSERT INTO DevSync.likes (id, createdById, postId, commentId, type, createdAt) VALUES (85, 3, 6, null, 'like', '2024-06-09 10:06:40');
INSERT INTO DevSync.likes (id, createdById, postId, commentId, type, createdAt) VALUES (87, 8, 10, null, 'dislike', '2024-11-23 08:55:39');
INSERT INTO DevSync.likes (id, createdById, postId, commentId, type, createdAt) VALUES (89, 7, 7, null, 'dislike', '2024-08-07 08:38:59');
INSERT INTO DevSync.likes (id, createdById, postId, commentId, type, createdAt) VALUES (90, 6, 17, null, 'dislike', '2024-07-27 14:03:48');
INSERT INTO DevSync.likes (id, createdById, postId, commentId, type, createdAt) VALUES (92, 5, 12, null, 'like', '2024-08-27 01:38:02');
INSERT INTO DevSync.likes (id, createdById, postId, commentId, type, createdAt) VALUES (93, 5, 15, null, 'dislike', '2024-09-18 04:47:25');
INSERT INTO DevSync.likes (id, createdById, postId, commentId, type, createdAt) VALUES (94, 4, 22, null, 'dislike', '2024-08-17 14:32:32');
INSERT INTO DevSync.likes (id, createdById, postId, commentId, type, createdAt) VALUES (96, 8, 9, null, 'dislike', '2024-08-02 02:04:26');
INSERT INTO DevSync.likes (id, createdById, postId, commentId, type, createdAt) VALUES (97, 5, 4, null, 'dislike', '2024-11-10 02:09:34');
INSERT INTO DevSync.likes (id, createdById, postId, commentId, type, createdAt) VALUES (98, 4, 25, null, 'like', '2024-07-31 04:09:06');
INSERT INTO DevSync.likes (id, createdById, postId, commentId, type, createdAt) VALUES (100, 8, 11, null, 'dislike', '2024-09-29 18:08:08');
INSERT INTO DevSync.likes (id, createdById, postId, commentId, type, createdAt) VALUES (101, 3, 5, null, 'like', '2024-10-02 08:03:39');
INSERT INTO DevSync.likes (id, createdById, postId, commentId, type, createdAt) VALUES (102, 1, 8, null, 'like', '2024-11-01 00:09:21');
INSERT INTO DevSync.likes (id, createdById, postId, commentId, type, createdAt) VALUES (103, 3, 12, null, 'dislike', '2024-10-17 16:53:53');
INSERT INTO DevSync.likes (id, createdById, postId, commentId, type, createdAt) VALUES (106, 7, 17, null, 'like', '2024-08-14 08:01:57');
INSERT INTO DevSync.likes (id, createdById, postId, commentId, type, createdAt) VALUES (107, 7, 13, null, 'like', '2024-06-05 18:56:10');
INSERT INTO DevSync.likes (id, createdById, postId, commentId, type, createdAt) VALUES (109, 1, 17, null, 'dislike', '2024-10-20 15:32:25');
INSERT INTO DevSync.likes (id, createdById, postId, commentId, type, createdAt) VALUES (110, 3, 3, null, 'like', '2024-10-26 01:46:14');
INSERT INTO DevSync.likes (id, createdById, postId, commentId, type, createdAt) VALUES (112, 2, 7, null, 'like', '2024-06-26 08:19:31');
INSERT INTO DevSync.likes (id, createdById, postId, commentId, type, createdAt) VALUES (114, 3, 11, null, 'like', '2024-07-20 12:28:46');
INSERT INTO DevSync.likes (id, createdById, postId, commentId, type, createdAt) VALUES (115, 5, 24, null, 'dislike', '2024-09-12 11:13:45');
INSERT INTO DevSync.likes (id, createdById, postId, commentId, type, createdAt) VALUES (116, 6, 18, null, 'dislike', '2024-09-02 00:23:34');
INSERT INTO DevSync.likes (id, createdById, postId, commentId, type, createdAt) VALUES (117, 4, 6, null, 'like', '2024-11-07 08:06:22');
INSERT INTO DevSync.likes (id, createdById, postId, commentId, type, createdAt) VALUES (120, 2, 4, null, 'dislike', '2024-08-01 16:35:00');
INSERT INTO DevSync.likes (id, createdById, postId, commentId, type, createdAt) VALUES (121, 5, 16, null, 'like', '2024-11-12 07:50:06');
INSERT INTO DevSync.likes (id, createdById, postId, commentId, type, createdAt) VALUES (123, 5, 7, null, 'dislike', '2024-09-18 03:04:18');
INSERT INTO DevSync.likes (id, createdById, postId, commentId, type, createdAt) VALUES (125, 5, 3, null, 'dislike', '2024-06-26 11:21:09');
INSERT INTO DevSync.likes (id, createdById, postId, commentId, type, createdAt) VALUES (126, 1, 14, null, 'like', '2024-06-02 06:49:27');
INSERT INTO DevSync.likes (id, createdById, postId, commentId, type, createdAt) VALUES (130, 3, 21, null, 'dislike', '2024-11-22 03:29:11');
INSERT INTO DevSync.likes (id, createdById, postId, commentId, type, createdAt) VALUES (131, 2, 22, null, 'like', '2024-09-24 11:22:20');
INSERT INTO DevSync.likes (id, createdById, postId, commentId, type, createdAt) VALUES (133, 2, 23, null, 'like', '2024-06-19 16:13:00');
INSERT INTO DevSync.likes (id, createdById, postId, commentId, type, createdAt) VALUES (134, 6, 24, null, 'dislike', '2024-07-20 20:22:31');
INSERT INTO DevSync.likes (id, createdById, postId, commentId, type, createdAt) VALUES (135, 6, 20, null, 'like', '2024-08-05 21:17:44');
INSERT INTO DevSync.likes (id, createdById, postId, commentId, type, createdAt) VALUES (139, 7, 11, null, 'dislike', '2024-08-15 21:10:36');
INSERT INTO DevSync.likes (id, createdById, postId, commentId, type, createdAt) VALUES (141, 2, 16, null, 'dislike', '2024-06-23 19:31:38');
INSERT INTO DevSync.likes (id, createdById, postId, commentId, type, createdAt) VALUES (142, 8, 22, null, 'like', '2024-09-19 08:28:14');
INSERT INTO DevSync.likes (id, createdById, postId, commentId, type, createdAt) VALUES (143, 8, 17, null, 'like', '2024-08-27 12:38:19');
INSERT INTO DevSync.likes (id, createdById, postId, commentId, type, createdAt) VALUES (144, 2, 11, null, 'dislike', '2024-09-20 05:58:36');
INSERT INTO DevSync.likes (id, createdById, postId, commentId, type, createdAt) VALUES (145, 8, 8, null, 'dislike', '2024-07-02 15:19:09');
INSERT INTO DevSync.likes (id, createdById, postId, commentId, type, createdAt) VALUES (147, 8, 23, null, 'like', '2024-09-26 08:55:23');
INSERT INTO DevSync.likes (id, createdById, postId, commentId, type, createdAt) VALUES (148, 8, 12, null, 'dislike', '2024-10-11 11:15:52');
INSERT INTO DevSync.likes (id, createdById, postId, commentId, type, createdAt) VALUES (150, 3, 4, null, 'like', '2024-07-20 13:24:05');
INSERT INTO DevSync.likes (id, createdById, postId, commentId, type, createdAt) VALUES (151, 2, 2, null, 'dislike', '2024-10-08 14:24:53');
INSERT INTO DevSync.likes (id, createdById, postId, commentId, type, createdAt) VALUES (152, 6, 12, null, 'dislike', '2024-11-19 18:42:38');
INSERT INTO DevSync.likes (id, createdById, postId, commentId, type, createdAt) VALUES (153, 5, 5, null, 'dislike', '2024-10-16 19:02:12');
INSERT INTO DevSync.likes (id, createdById, postId, commentId, type, createdAt) VALUES (154, 4, 2, null, 'dislike', '2024-11-03 11:23:10');
INSERT INTO DevSync.likes (id, createdById, postId, commentId, type, createdAt) VALUES (155, 5, 14, null, 'dislike', '2024-11-05 00:34:00');
INSERT INTO DevSync.likes (id, createdById, postId, commentId, type, createdAt) VALUES (158, 2, 8, null, 'dislike', '2024-08-03 04:59:37');
INSERT INTO DevSync.likes (id, createdById, postId, commentId, type, createdAt) VALUES (160, 7, 1, null, 'dislike', '2024-07-31 17:52:52');
INSERT INTO DevSync.likes (id, createdById, postId, commentId, type, createdAt) VALUES (161, 8, 15, null, 'dislike', '2024-08-06 09:48:53');
INSERT INTO DevSync.likes (id, createdById, postId, commentId, type, createdAt) VALUES (164, 6, 13, null, 'like', '2024-09-26 09:11:47');
INSERT INTO DevSync.likes (id, createdById, postId, commentId, type, createdAt) VALUES (165, 4, 23, null, 'like', '2024-07-22 05:38:53');
INSERT INTO DevSync.likes (id, createdById, postId, commentId, type, createdAt) VALUES (166, 5, 9, null, 'dislike', '2024-10-26 15:37:49');
INSERT INTO DevSync.likes (id, createdById, postId, commentId, type, createdAt) VALUES (174, 4, 12, null, 'like', '2024-06-20 10:03:15');
INSERT INTO DevSync.likes (id, createdById, postId, commentId, type, createdAt) VALUES (179, 8, 25, null, 'dislike', '2024-07-13 04:46:38');
INSERT INTO DevSync.likes (id, createdById, postId, commentId, type, createdAt) VALUES (182, 7, 25, null, 'like', '2024-07-28 03:37:45');
INSERT INTO DevSync.likes (id, createdById, postId, commentId, type, createdAt) VALUES (184, 5, 22, null, 'dislike', '2024-10-14 21:34:07');
INSERT INTO DevSync.likes (id, createdById, postId, commentId, type, createdAt) VALUES (187, 1, 4, null, 'like', '2024-09-06 01:38:50');
INSERT INTO DevSync.likes (id, createdById, postId, commentId, type, createdAt) VALUES (188, 8, 24, null, 'dislike', '2024-09-01 22:37:53');
INSERT INTO DevSync.likes (id, createdById, postId, commentId, type, createdAt) VALUES (189, 7, 10, null, 'like', '2024-11-12 01:23:28');
INSERT INTO DevSync.likes (id, createdById, postId, commentId, type, createdAt) VALUES (197, 6, 25, null, 'dislike', '2024-08-04 16:41:21');
INSERT INTO DevSync.likes (id, createdById, postId, commentId, type, createdAt) VALUES (200, 1, 18, null, 'like', '2024-11-21 15:41:35');
INSERT INTO DevSync.likes (id, createdById, postId, commentId, type, createdAt) VALUES (203, 6, 21, null, 'dislike', '2024-07-10 07:48:44');
INSERT INTO DevSync.likes (id, createdById, postId, commentId, type, createdAt) VALUES (206, 4, 9, null, 'like', '2024-08-03 14:31:49');
INSERT INTO DevSync.likes (id, createdById, postId, commentId, type, createdAt) VALUES (211, 6, 23, null, 'like', '2024-11-18 10:33:33');
INSERT INTO DevSync.likes (id, createdById, postId, commentId, type, createdAt) VALUES (213, 6, 22, null, 'like', '2024-08-26 05:07:46');
INSERT INTO DevSync.likes (id, createdById, postId, commentId, type, createdAt) VALUES (220, 3, 2, null, 'dislike', '2024-10-19 12:14:48');
INSERT INTO DevSync.likes (id, createdById, postId, commentId, type, createdAt) VALUES (225, 1, 19, null, 'dislike', '2024-06-24 03:23:00');
INSERT INTO DevSync.likes (id, createdById, postId, commentId, type, createdAt) VALUES (228, 3, 1, null, 'dislike', '2024-09-03 10:42:54');
INSERT INTO DevSync.likes (id, createdById, postId, commentId, type, createdAt) VALUES (231, 2, 18, null, 'dislike', '2024-08-21 17:07:46');
INSERT INTO DevSync.likes (id, createdById, postId, commentId, type, createdAt) VALUES (232, 1, 13, null, 'like', '2024-09-15 02:14:35');
INSERT INTO DevSync.likes (id, createdById, postId, commentId, type, createdAt) VALUES (233, 1, 16, null, 'dislike', '2024-06-07 04:31:03');
INSERT INTO DevSync.likes (id, createdById, postId, commentId, type, createdAt) VALUES (234, 2, 25, null, 'dislike', '2024-08-16 18:19:20');
INSERT INTO DevSync.likes (id, createdById, postId, commentId, type, createdAt) VALUES (237, 2, 21, null, 'like', '2024-09-20 11:04:07');
INSERT INTO DevSync.likes (id, createdById, postId, commentId, type, createdAt) VALUES (239, 8, 13, null, 'like', '2024-07-26 20:55:29');
INSERT INTO DevSync.likes (id, createdById, postId, commentId, type, createdAt) VALUES (245, 3, 24, null, 'like', '2024-08-05 23:15:10');
INSERT INTO DevSync.likes (id, createdById, postId, commentId, type, createdAt) VALUES (249, 2, 14, null, 'dislike', '2024-08-09 21:36:34');
INSERT INTO DevSync.likes (id, createdById, postId, commentId, type, createdAt) VALUES (252, 6, 1, null, 'like', '2024-08-28 10:45:04');
INSERT INTO DevSync.likes (id, createdById, postId, commentId, type, createdAt) VALUES (255, 6, 6, null, 'like', '2024-08-01 20:30:07');
INSERT INTO DevSync.likes (id, createdById, postId, commentId, type, createdAt) VALUES (256, 6, 14, null, 'like', '2024-10-29 13:27:52');
INSERT INTO DevSync.likes (id, createdById, postId, commentId, type, createdAt) VALUES (264, 8, 2, null, 'dislike', '2024-10-19 12:45:48');
INSERT INTO DevSync.likes (id, createdById, postId, commentId, type, createdAt) VALUES (266, 3, 15, null, 'like', '2024-09-03 00:07:32');
INSERT INTO DevSync.likes (id, createdById, postId, commentId, type, createdAt) VALUES (267, 5, 10, null, 'dislike', '2024-11-17 06:08:35');
INSERT INTO DevSync.likes (id, createdById, postId, commentId, type, createdAt) VALUES (269, 5, 11, null, 'like', '2024-07-19 11:41:10');
INSERT INTO DevSync.likes (id, createdById, postId, commentId, type, createdAt) VALUES (280, 3, 23, null, 'like', '2024-08-07 07:53:18');
INSERT INTO DevSync.likes (id, createdById, postId, commentId, type, createdAt) VALUES (283, 8, 20, null, 'dislike', '2024-08-07 11:27:49');
INSERT INTO DevSync.likes (id, createdById, postId, commentId, type, createdAt) VALUES (286, 8, 6, null, 'like', '2024-06-29 08:25:21');
INSERT INTO DevSync.likes (id, createdById, postId, commentId, type, createdAt) VALUES (297, 6, 19, null, 'like', '2024-06-17 22:23:20');
INSERT INTO DevSync.likes (id, createdById, postId, commentId, type, createdAt) VALUES (302, 3, 18, null, 'dislike', '2024-09-15 11:13:45');
INSERT INTO DevSync.likes (id, createdById, postId, commentId, type, createdAt) VALUES (306, 7, 2, null, 'dislike', '2024-11-22 12:06:15');
INSERT INTO DevSync.likes (id, createdById, postId, commentId, type, createdAt) VALUES (308, 6, 5, null, 'dislike', '2024-07-21 14:23:03');
INSERT INTO DevSync.likes (id, createdById, postId, commentId, type, createdAt) VALUES (313, 7, 21, null, 'like', '2024-08-24 13:49:39');
INSERT INTO DevSync.likes (id, createdById, postId, commentId, type, createdAt) VALUES (316, 6, 9, null, 'dislike', '2024-07-26 16:26:22');
INSERT INTO DevSync.likes (id, createdById, postId, commentId, type, createdAt) VALUES (318, 1, 7, null, 'dislike', '2024-07-04 14:34:39');
INSERT INTO DevSync.likes (id, createdById, postId, commentId, type, createdAt) VALUES (319, 5, 2, null, 'like', '2024-09-14 02:11:29');
INSERT INTO DevSync.likes (id, createdById, postId, commentId, type, createdAt) VALUES (334, 7, 22, null, 'like', '2024-07-31 19:20:40');
INSERT INTO DevSync.likes (id, createdById, postId, commentId, type, createdAt) VALUES (339, 2, 3, null, 'dislike', '2024-11-23 20:37:11');
INSERT INTO DevSync.likes (id, createdById, postId, commentId, type, createdAt) VALUES (348, 1, 21, null, 'like', '2024-08-26 04:07:47');
INSERT INTO DevSync.likes (id, createdById, postId, commentId, type, createdAt) VALUES (361, 1, 6, null, 'like', '2024-06-09 21:46:14');
INSERT INTO DevSync.likes (id, createdById, postId, commentId, type, createdAt) VALUES (376, 8, 14, null, 'dislike', '2024-07-30 08:21:55');
INSERT INTO DevSync.likes (id, createdById, postId, commentId, type, createdAt) VALUES (377, 2, 15, null, 'dislike', '2024-07-09 09:42:19');
INSERT INTO DevSync.likes (id, createdById, postId, commentId, type, createdAt) VALUES (386, 3, 16, null, 'dislike', '2024-11-19 18:43:33');
INSERT INTO DevSync.likes (id, createdById, postId, commentId, type, createdAt) VALUES (392, 2, 9, null, 'dislike', '2024-08-22 19:05:27');
INSERT INTO DevSync.likes (id, createdById, postId, commentId, type, createdAt) VALUES (402, 7, 19, null, 'dislike', '2024-08-23 09:09:58');
INSERT INTO DevSync.likes (id, createdById, postId, commentId, type, createdAt) VALUES (403, 3, 19, null, 'like', '2024-11-23 04:51:36');
INSERT INTO DevSync.likes (id, createdById, postId, commentId, type, createdAt) VALUES (442, 6, 10, null, 'like', '2024-08-05 02:00:38');
INSERT INTO DevSync.likes (id, createdById, postId, commentId, type, createdAt) VALUES (445, 3, 14, null, 'dislike', '2024-10-20 22:16:10');
INSERT INTO DevSync.likes (id, createdById, postId, commentId, type, createdAt) VALUES (450, 4, 7, null, 'dislike', '2024-11-05 16:17:04');
INSERT INTO DevSync.likes (id, createdById, postId, commentId, type, createdAt) VALUES (451, 5, 17, null, 'dislike', '2024-09-23 19:59:53');
INSERT INTO DevSync.likes (id, createdById, postId, commentId, type, createdAt) VALUES (452, 4, 1, null, 'dislike', '2024-08-24 20:51:27');
INSERT INTO DevSync.likes (id, createdById, postId, commentId, type, createdAt) VALUES (457, 5, 20, null, 'dislike', '2024-10-04 06:59:47');
INSERT INTO DevSync.likes (id, createdById, postId, commentId, type, createdAt) VALUES (470, 7, 6, null, 'dislike', '2024-11-22 04:43:56');
INSERT INTO DevSync.likes (id, createdById, postId, commentId, type, createdAt) VALUES (479, 2, 19, null, 'like', '2024-09-16 06:15:03');
INSERT INTO DevSync.likes (id, createdById, postId, commentId, type, createdAt) VALUES (481, 4, 11, null, 'dislike', '2024-06-04 11:46:17');
INSERT INTO DevSync.likes (id, createdById, postId, commentId, type, createdAt) VALUES (485, 4, 17, null, 'dislike', '2024-10-23 06:05:57');
INSERT INTO DevSync.likes (id, createdById, postId, commentId, type, createdAt) VALUES (487, 3, 9, null, 'dislike', '2024-10-15 12:31:40');
INSERT INTO DevSync.likes (id, createdById, postId, commentId, type, createdAt) VALUES (503, 5, 1, null, 'like', '2024-10-06 22:22:20');
INSERT INTO DevSync.likes (id, createdById, postId, commentId, type, createdAt) VALUES (509, 3, 22, null, 'like', '2024-07-20 09:14:41');
INSERT INTO DevSync.likes (id, createdById, postId, commentId, type, createdAt) VALUES (513, 5, 6, null, 'dislike', '2024-10-04 09:10:54');
INSERT INTO DevSync.likes (id, createdById, postId, commentId, type, createdAt) VALUES (526, 8, 21, null, 'like', '2024-10-29 01:55:08');
INSERT INTO DevSync.likes (id, createdById, postId, commentId, type, createdAt) VALUES (532, 8, 4, null, 'dislike', '2024-09-01 04:48:54');
INSERT INTO DevSync.likes (id, createdById, postId, commentId, type, createdAt) VALUES (548, 6, 16, null, 'like', '2024-10-28 03:01:26');
INSERT INTO DevSync.likes (id, createdById, postId, commentId, type, createdAt) VALUES (556, 3, 10, null, 'like', '2024-09-29 14:39:26');
INSERT INTO DevSync.likes (id, createdById, postId, commentId, type, createdAt) VALUES (645, 1, 5, null, 'dislike', '2024-06-26 05:05:26');
INSERT INTO DevSync.likes (id, createdById, postId, commentId, type, createdAt) VALUES (687, 5, 18, null, 'dislike', '2024-09-02 15:23:11');
INSERT INTO DevSync.likes (id, createdById, postId, commentId, type, createdAt) VALUES (736, 6, 4, null, 'dislike', '2024-10-08 18:05:15');
INSERT INTO DevSync.likes (id, createdById, postId, commentId, type, createdAt) VALUES (739, 8, 16, null, 'dislike', '2024-10-01 14:57:49');
INSERT INTO DevSync.likes (id, createdById, postId, commentId, type, createdAt) VALUES (806, 8, 1, null, 'like', '2024-07-11 10:22:36');
INSERT INTO DevSync.likes (id, createdById, postId, commentId, type, createdAt) VALUES (831, 7, 9, null, 'dislike', '2024-09-09 07:23:00');
INSERT INTO DevSync.likes (id, createdById, postId, commentId, type, createdAt) VALUES (963, 4, 3, null, 'like', '2024-10-16 20:18:36');
INSERT INTO DevSync.likes (id, createdById, postId, commentId, type, createdAt) VALUES (1167, 7, 5, null, 'dislike', '2024-07-09 17:23:27');
INSERT INTO DevSync.likes (id, createdById, postId, commentId, type, createdAt) VALUES (5001, 3, null, 43, 'like', '2024-07-21 03:06:04');
INSERT INTO DevSync.likes (id, createdById, postId, commentId, type, createdAt) VALUES (5002, 7, null, 27, 'dislike', '2024-10-21 12:15:29');
INSERT INTO DevSync.likes (id, createdById, postId, commentId, type, createdAt) VALUES (5003, 1, null, 11, 'dislike', '2024-08-27 05:01:42');
INSERT INTO DevSync.likes (id, createdById, postId, commentId, type, createdAt) VALUES (5004, 6, null, 25, 'dislike', '2024-06-22 19:42:43');
INSERT INTO DevSync.likes (id, createdById, postId, commentId, type, createdAt) VALUES (5005, 8, null, 8, 'like', '2024-06-06 13:54:34');
INSERT INTO DevSync.likes (id, createdById, postId, commentId, type, createdAt) VALUES (5006, 8, null, 28, 'like', '2024-11-04 01:00:42');
INSERT INTO DevSync.likes (id, createdById, postId, commentId, type, createdAt) VALUES (5007, 2, null, 48, 'like', '2024-10-21 17:14:20');
INSERT INTO DevSync.likes (id, createdById, postId, commentId, type, createdAt) VALUES (5009, 7, null, 1, 'dislike', '2024-06-14 15:19:02');
INSERT INTO DevSync.likes (id, createdById, postId, commentId, type, createdAt) VALUES (5010, 1, null, 43, 'like', '2024-11-11 13:33:03');
INSERT INTO DevSync.likes (id, createdById, postId, commentId, type, createdAt) VALUES (5011, 5, null, 2, 'dislike', '2024-10-26 13:53:31');
INSERT INTO DevSync.likes (id, createdById, postId, commentId, type, createdAt) VALUES (5012, 5, null, 25, 'like', '2024-10-02 05:19:08');
INSERT INTO DevSync.likes (id, createdById, postId, commentId, type, createdAt) VALUES (5013, 4, null, 5, 'dislike', '2024-10-30 07:55:47');
INSERT INTO DevSync.likes (id, createdById, postId, commentId, type, createdAt) VALUES (5014, 7, null, 19, 'like', '2024-09-21 03:43:24');
INSERT INTO DevSync.likes (id, createdById, postId, commentId, type, createdAt) VALUES (5015, 2, null, 7, 'dislike', '2024-07-03 23:14:26');
INSERT INTO DevSync.likes (id, createdById, postId, commentId, type, createdAt) VALUES (5016, 8, null, 44, 'like', '2024-09-30 06:20:23');
INSERT INTO DevSync.likes (id, createdById, postId, commentId, type, createdAt) VALUES (5017, 8, null, 41, 'dislike', '2024-09-06 15:25:37');
INSERT INTO DevSync.likes (id, createdById, postId, commentId, type, createdAt) VALUES (5019, 6, null, 20, 'like', '2024-08-10 06:48:46');
INSERT INTO DevSync.likes (id, createdById, postId, commentId, type, createdAt) VALUES (5020, 6, null, 40, 'like', '2024-08-17 04:01:47');
INSERT INTO DevSync.likes (id, createdById, postId, commentId, type, createdAt) VALUES (5021, 7, null, 30, 'like', '2024-11-04 06:42:11');
INSERT INTO DevSync.likes (id, createdById, postId, commentId, type, createdAt) VALUES (5022, 2, null, 3, 'like', '2024-09-15 20:38:24');
INSERT INTO DevSync.likes (id, createdById, postId, commentId, type, createdAt) VALUES (5023, 8, null, 29, 'dislike', '2024-09-13 01:47:45');
INSERT INTO DevSync.likes (id, createdById, postId, commentId, type, createdAt) VALUES (5024, 5, null, 43, 'dislike', '2024-08-03 22:11:05');
INSERT INTO DevSync.likes (id, createdById, postId, commentId, type, createdAt) VALUES (5025, 4, null, 43, 'dislike', '2024-06-19 13:26:58');
INSERT INTO DevSync.likes (id, createdById, postId, commentId, type, createdAt) VALUES (5026, 6, null, 11, 'like', '2024-10-20 15:53:45');
INSERT INTO DevSync.likes (id, createdById, postId, commentId, type, createdAt) VALUES (5027, 4, null, 34, 'dislike', '2024-11-21 02:58:29');
INSERT INTO DevSync.likes (id, createdById, postId, commentId, type, createdAt) VALUES (5029, 1, null, 42, 'dislike', '2024-07-02 04:57:23');
INSERT INTO DevSync.likes (id, createdById, postId, commentId, type, createdAt) VALUES (5030, 7, null, 18, 'like', '2024-07-11 04:26:48');
INSERT INTO DevSync.likes (id, createdById, postId, commentId, type, createdAt) VALUES (5031, 2, null, 29, 'like', '2024-08-10 08:02:30');
INSERT INTO DevSync.likes (id, createdById, postId, commentId, type, createdAt) VALUES (5033, 2, null, 17, 'like', '2024-07-05 13:07:39');
INSERT INTO DevSync.likes (id, createdById, postId, commentId, type, createdAt) VALUES (5034, 3, null, 37, 'dislike', '2024-06-02 00:08:56');
INSERT INTO DevSync.likes (id, createdById, postId, commentId, type, createdAt) VALUES (5035, 2, null, 33, 'like', '2024-07-14 07:34:19');
INSERT INTO DevSync.likes (id, createdById, postId, commentId, type, createdAt) VALUES (5036, 6, null, 34, 'dislike', '2024-06-13 00:47:09');
INSERT INTO DevSync.likes (id, createdById, postId, commentId, type, createdAt) VALUES (5037, 4, null, 26, 'dislike', '2024-11-10 13:43:13');
INSERT INTO DevSync.likes (id, createdById, postId, commentId, type, createdAt) VALUES (5038, 4, null, 24, 'like', '2024-10-09 16:38:42');
INSERT INTO DevSync.likes (id, createdById, postId, commentId, type, createdAt) VALUES (5039, 2, null, 23, 'dislike', '2024-07-17 06:11:41');
INSERT INTO DevSync.likes (id, createdById, postId, commentId, type, createdAt) VALUES (5040, 1, null, 44, 'dislike', '2024-10-04 18:01:48');
INSERT INTO DevSync.likes (id, createdById, postId, commentId, type, createdAt) VALUES (5041, 5, null, 26, 'like', '2024-08-13 05:07:32');
INSERT INTO DevSync.likes (id, createdById, postId, commentId, type, createdAt) VALUES (5042, 1, null, 16, 'dislike', '2024-10-09 13:06:08');
INSERT INTO DevSync.likes (id, createdById, postId, commentId, type, createdAt) VALUES (5043, 3, null, 25, 'dislike', '2024-10-19 20:48:44');
INSERT INTO DevSync.likes (id, createdById, postId, commentId, type, createdAt) VALUES (5044, 4, null, 7, 'dislike', '2024-06-17 12:55:22');
INSERT INTO DevSync.likes (id, createdById, postId, commentId, type, createdAt) VALUES (5045, 6, null, 12, 'like', '2024-08-24 22:12:51');
INSERT INTO DevSync.likes (id, createdById, postId, commentId, type, createdAt) VALUES (5046, 6, null, 21, 'like', '2024-06-10 16:25:21');
INSERT INTO DevSync.likes (id, createdById, postId, commentId, type, createdAt) VALUES (5047, 6, null, 13, 'like', '2024-11-18 06:58:46');
INSERT INTO DevSync.likes (id, createdById, postId, commentId, type, createdAt) VALUES (5048, 1, null, 31, 'like', '2024-11-10 23:53:34');
INSERT INTO DevSync.likes (id, createdById, postId, commentId, type, createdAt) VALUES (5051, 3, null, 1, 'like', '2024-07-25 20:10:04');
INSERT INTO DevSync.likes (id, createdById, postId, commentId, type, createdAt) VALUES (5052, 6, null, 2, 'like', '2024-10-21 05:52:32');
INSERT INTO DevSync.likes (id, createdById, postId, commentId, type, createdAt) VALUES (5053, 3, null, 38, 'like', '2024-11-03 23:11:46');
INSERT INTO DevSync.likes (id, createdById, postId, commentId, type, createdAt) VALUES (5054, 6, null, 19, 'like', '2024-10-13 20:53:53');
INSERT INTO DevSync.likes (id, createdById, postId, commentId, type, createdAt) VALUES (5055, 5, null, 29, 'like', '2024-10-11 08:08:18');
INSERT INTO DevSync.likes (id, createdById, postId, commentId, type, createdAt) VALUES (5056, 8, null, 47, 'like', '2024-06-30 23:05:35');
INSERT INTO DevSync.likes (id, createdById, postId, commentId, type, createdAt) VALUES (5057, 3, null, 2, 'like', '2024-09-25 21:57:33');
INSERT INTO DevSync.likes (id, createdById, postId, commentId, type, createdAt) VALUES (5058, 5, null, 7, 'like', '2024-08-29 22:48:30');
INSERT INTO DevSync.likes (id, createdById, postId, commentId, type, createdAt) VALUES (5059, 1, null, 2, 'like', '2024-08-12 13:02:34');
INSERT INTO DevSync.likes (id, createdById, postId, commentId, type, createdAt) VALUES (5061, 6, null, 16, 'like', '2024-09-21 05:15:50');
INSERT INTO DevSync.likes (id, createdById, postId, commentId, type, createdAt) VALUES (5062, 1, null, 37, 'like', '2024-09-08 13:08:59');
INSERT INTO DevSync.likes (id, createdById, postId, commentId, type, createdAt) VALUES (5064, 4, null, 25, 'like', '2024-07-17 12:28:26');
INSERT INTO DevSync.likes (id, createdById, postId, commentId, type, createdAt) VALUES (5065, 5, null, 20, 'like', '2024-11-11 22:06:24');
INSERT INTO DevSync.likes (id, createdById, postId, commentId, type, createdAt) VALUES (5067, 4, null, 50, 'like', '2024-11-10 07:52:01');
INSERT INTO DevSync.likes (id, createdById, postId, commentId, type, createdAt) VALUES (5068, 1, null, 28, 'like', '2024-11-01 22:37:08');
INSERT INTO DevSync.likes (id, createdById, postId, commentId, type, createdAt) VALUES (5069, 1, null, 34, 'like', '2024-11-11 18:12:36');
INSERT INTO DevSync.likes (id, createdById, postId, commentId, type, createdAt) VALUES (5070, 6, null, 48, 'like', '2024-08-22 20:13:10');
INSERT INTO DevSync.likes (id, createdById, postId, commentId, type, createdAt) VALUES (5071, 3, null, 13, 'like', '2024-08-01 09:06:31');
INSERT INTO DevSync.likes (id, createdById, postId, commentId, type, createdAt) VALUES (5072, 7, null, 24, 'like', '2024-10-18 00:28:39');
INSERT INTO DevSync.likes (id, createdById, postId, commentId, type, createdAt) VALUES (5073, 7, null, 43, 'like', '2024-06-19 01:08:26');
INSERT INTO DevSync.likes (id, createdById, postId, commentId, type, createdAt) VALUES (5075, 6, null, 50, 'like', '2024-07-08 11:36:35');
INSERT INTO DevSync.likes (id, createdById, postId, commentId, type, createdAt) VALUES (5076, 6, null, 22, 'like', '2024-06-26 04:19:01');
INSERT INTO DevSync.likes (id, createdById, postId, commentId, type, createdAt) VALUES (5077, 8, null, 48, 'like', '2024-08-01 11:37:03');
INSERT INTO DevSync.likes (id, createdById, postId, commentId, type, createdAt) VALUES (5078, 1, null, 5, 'like', '2024-09-03 11:54:30');
INSERT INTO DevSync.likes (id, createdById, postId, commentId, type, createdAt) VALUES (5079, 3, null, 9, 'like', '2024-09-01 05:50:58');
INSERT INTO DevSync.likes (id, createdById, postId, commentId, type, createdAt) VALUES (5080, 4, null, 12, 'like', '2024-07-03 19:59:45');
INSERT INTO DevSync.likes (id, createdById, postId, commentId, type, createdAt) VALUES (5081, 7, null, 31, 'like', '2024-09-23 17:02:07');
INSERT INTO DevSync.likes (id, createdById, postId, commentId, type, createdAt) VALUES (5082, 6, null, 42, 'like', '2024-07-01 21:26:12');
INSERT INTO DevSync.likes (id, createdById, postId, commentId, type, createdAt) VALUES (5083, 7, null, 46, 'like', '2024-06-25 23:03:36');
INSERT INTO DevSync.likes (id, createdById, postId, commentId, type, createdAt) VALUES (5084, 6, null, 24, 'like', '2024-07-26 00:03:31');
INSERT INTO DevSync.likes (id, createdById, postId, commentId, type, createdAt) VALUES (5085, 3, null, 31, 'like', '2024-08-19 15:45:00');
INSERT INTO DevSync.likes (id, createdById, postId, commentId, type, createdAt) VALUES (5086, 4, null, 28, 'like', '2024-07-03 08:48:36');
INSERT INTO DevSync.likes (id, createdById, postId, commentId, type, createdAt) VALUES (5087, 4, null, 33, 'like', '2024-11-07 21:29:17');
INSERT INTO DevSync.likes (id, createdById, postId, commentId, type, createdAt) VALUES (5088, 1, null, 12, 'like', '2024-08-01 03:59:40');
INSERT INTO DevSync.likes (id, createdById, postId, commentId, type, createdAt) VALUES (5089, 2, null, 9, 'like', '2024-10-10 18:46:17');
INSERT INTO DevSync.likes (id, createdById, postId, commentId, type, createdAt) VALUES (5091, 6, null, 33, 'like', '2024-11-03 20:59:37');
INSERT INTO DevSync.likes (id, createdById, postId, commentId, type, createdAt) VALUES (5092, 1, null, 33, 'dislike', '2024-08-12 02:28:56');
INSERT INTO DevSync.likes (id, createdById, postId, commentId, type, createdAt) VALUES (5093, 4, null, 10, 'dislike', '2024-07-10 02:25:54');
INSERT INTO DevSync.likes (id, createdById, postId, commentId, type, createdAt) VALUES (5094, 6, null, 3, 'like', '2024-10-09 01:43:55');
INSERT INTO DevSync.likes (id, createdById, postId, commentId, type, createdAt) VALUES (5095, 5, null, 10, 'dislike', '2024-06-20 20:40:33');
INSERT INTO DevSync.likes (id, createdById, postId, commentId, type, createdAt) VALUES (5097, 5, null, 33, 'like', '2024-11-14 03:45:27');
INSERT INTO DevSync.likes (id, createdById, postId, commentId, type, createdAt) VALUES (5098, 7, null, 14, 'like', '2024-09-01 06:16:49');
INSERT INTO DevSync.likes (id, createdById, postId, commentId, type, createdAt) VALUES (5099, 7, null, 7, 'dislike', '2024-07-11 12:36:39');
INSERT INTO DevSync.likes (id, createdById, postId, commentId, type, createdAt) VALUES (5100, 7, null, 8, 'like', '2024-09-26 14:29:47');
INSERT INTO DevSync.likes (id, createdById, postId, commentId, type, createdAt) VALUES (5102, 6, null, 45, 'dislike', '2024-11-10 18:31:20');
INSERT INTO DevSync.likes (id, createdById, postId, commentId, type, createdAt) VALUES (5107, 2, null, 5, 'dislike', '2024-10-30 05:35:14');
INSERT INTO DevSync.likes (id, createdById, postId, commentId, type, createdAt) VALUES (5109, 2, null, 42, 'like', '2024-08-01 13:11:39');
INSERT INTO DevSync.likes (id, createdById, postId, commentId, type, createdAt) VALUES (5110, 3, null, 15, 'like', '2024-09-19 08:45:20');
INSERT INTO DevSync.likes (id, createdById, postId, commentId, type, createdAt) VALUES (5111, 2, null, 14, 'like', '2024-10-10 07:57:44');
INSERT INTO DevSync.likes (id, createdById, postId, commentId, type, createdAt) VALUES (5112, 3, null, 14, 'like', '2024-10-28 18:12:32');
INSERT INTO DevSync.likes (id, createdById, postId, commentId, type, createdAt) VALUES (5113, 8, null, 39, 'dislike', '2024-11-13 06:01:11');
INSERT INTO DevSync.likes (id, createdById, postId, commentId, type, createdAt) VALUES (5114, 1, null, 23, 'like', '2024-09-21 19:41:00');
INSERT INTO DevSync.likes (id, createdById, postId, commentId, type, createdAt) VALUES (5116, 3, null, 18, 'like', '2024-06-25 17:15:29');
INSERT INTO DevSync.likes (id, createdById, postId, commentId, type, createdAt) VALUES (5117, 6, null, 18, 'like', '2024-07-24 05:52:35');
INSERT INTO DevSync.likes (id, createdById, postId, commentId, type, createdAt) VALUES (5118, 5, null, 45, 'dislike', '2024-07-11 03:45:45');
INSERT INTO DevSync.likes (id, createdById, postId, commentId, type, createdAt) VALUES (5119, 6, null, 27, 'like', '2024-09-25 01:08:08');
INSERT INTO DevSync.likes (id, createdById, postId, commentId, type, createdAt) VALUES (5120, 3, null, 50, 'like', '2024-09-01 00:42:14');
INSERT INTO DevSync.likes (id, createdById, postId, commentId, type, createdAt) VALUES (5122, 2, null, 25, 'dislike', '2024-11-21 19:37:55');
INSERT INTO DevSync.likes (id, createdById, postId, commentId, type, createdAt) VALUES (5123, 2, null, 36, 'like', '2024-10-08 23:31:08');
INSERT INTO DevSync.likes (id, createdById, postId, commentId, type, createdAt) VALUES (5125, 3, null, 16, 'dislike', '2024-11-03 19:30:07');
INSERT INTO DevSync.likes (id, createdById, postId, commentId, type, createdAt) VALUES (5126, 8, null, 1, 'dislike', '2024-09-01 12:51:47');
INSERT INTO DevSync.likes (id, createdById, postId, commentId, type, createdAt) VALUES (5127, 1, null, 32, 'dislike', '2024-07-08 19:50:18');
INSERT INTO DevSync.likes (id, createdById, postId, commentId, type, createdAt) VALUES (5128, 4, null, 41, 'dislike', '2024-11-08 05:31:53');
INSERT INTO DevSync.likes (id, createdById, postId, commentId, type, createdAt) VALUES (5129, 5, null, 16, 'like', '2024-08-12 19:18:18');
INSERT INTO DevSync.likes (id, createdById, postId, commentId, type, createdAt) VALUES (5131, 7, null, 17, 'like', '2024-07-20 23:33:46');
INSERT INTO DevSync.likes (id, createdById, postId, commentId, type, createdAt) VALUES (5132, 4, null, 39, 'dislike', '2024-08-12 01:35:34');
INSERT INTO DevSync.likes (id, createdById, postId, commentId, type, createdAt) VALUES (5133, 6, null, 36, 'like', '2024-09-18 16:18:45');
INSERT INTO DevSync.likes (id, createdById, postId, commentId, type, createdAt) VALUES (5134, 2, null, 49, 'like', '2024-10-06 15:56:12');
INSERT INTO DevSync.likes (id, createdById, postId, commentId, type, createdAt) VALUES (5135, 6, null, 47, 'dislike', '2024-11-16 14:00:48');
INSERT INTO DevSync.likes (id, createdById, postId, commentId, type, createdAt) VALUES (5136, 4, null, 48, 'dislike', '2024-07-13 16:52:23');
INSERT INTO DevSync.likes (id, createdById, postId, commentId, type, createdAt) VALUES (5137, 6, null, 8, 'dislike', '2024-09-05 23:25:34');
INSERT INTO DevSync.likes (id, createdById, postId, commentId, type, createdAt) VALUES (5141, 6, null, 14, 'like', '2024-11-19 17:44:22');
INSERT INTO DevSync.likes (id, createdById, postId, commentId, type, createdAt) VALUES (5142, 1, null, 22, 'like', '2024-09-18 17:30:28');
INSERT INTO DevSync.likes (id, createdById, postId, commentId, type, createdAt) VALUES (5143, 3, null, 32, 'dislike', '2024-07-27 18:57:41');
INSERT INTO DevSync.likes (id, createdById, postId, commentId, type, createdAt) VALUES (5144, 8, null, 49, 'like', '2024-10-14 13:56:15');
INSERT INTO DevSync.likes (id, createdById, postId, commentId, type, createdAt) VALUES (5145, 3, null, 40, 'like', '2024-11-17 15:37:42');
INSERT INTO DevSync.likes (id, createdById, postId, commentId, type, createdAt) VALUES (5148, 2, null, 41, 'like', '2024-07-08 12:24:24');
INSERT INTO DevSync.likes (id, createdById, postId, commentId, type, createdAt) VALUES (5149, 7, null, 13, 'like', '2024-08-21 21:47:06');
INSERT INTO DevSync.likes (id, createdById, postId, commentId, type, createdAt) VALUES (5157, 3, null, 44, 'like', '2024-10-14 07:03:41');
INSERT INTO DevSync.likes (id, createdById, postId, commentId, type, createdAt) VALUES (5158, 3, null, 34, 'like', '2024-09-22 16:23:58');
INSERT INTO DevSync.likes (id, createdById, postId, commentId, type, createdAt) VALUES (5159, 4, null, 23, 'like', '2024-10-13 21:00:33');
INSERT INTO DevSync.likes (id, createdById, postId, commentId, type, createdAt) VALUES (5160, 1, null, 18, 'like', '2024-08-05 10:00:38');
INSERT INTO DevSync.likes (id, createdById, postId, commentId, type, createdAt) VALUES (5161, 2, null, 31, 'like', '2024-11-02 22:25:44');
INSERT INTO DevSync.likes (id, createdById, postId, commentId, type, createdAt) VALUES (5162, 1, null, 36, 'like', '2024-07-27 23:14:09');
INSERT INTO DevSync.likes (id, createdById, postId, commentId, type, createdAt) VALUES (5163, 1, null, 26, 'like', '2024-08-01 05:40:12');
INSERT INTO DevSync.likes (id, createdById, postId, commentId, type, createdAt) VALUES (5165, 5, null, 15, 'like', '2024-08-16 15:49:37');
INSERT INTO DevSync.likes (id, createdById, postId, commentId, type, createdAt) VALUES (5166, 3, null, 19, 'like', '2024-07-13 17:54:11');
INSERT INTO DevSync.likes (id, createdById, postId, commentId, type, createdAt) VALUES (5167, 5, null, 38, 'like', '2024-09-08 08:37:52');
INSERT INTO DevSync.likes (id, createdById, postId, commentId, type, createdAt) VALUES (5171, 7, null, 5, 'like', '2024-08-29 10:36:13');
INSERT INTO DevSync.likes (id, createdById, postId, commentId, type, createdAt) VALUES (5172, 5, null, 42, 'dislike', '2024-09-11 03:47:32');
INSERT INTO DevSync.likes (id, createdById, postId, commentId, type, createdAt) VALUES (5173, 7, null, 48, 'dislike', '2024-06-11 23:47:44');
INSERT INTO DevSync.likes (id, createdById, postId, commentId, type, createdAt) VALUES (5174, 3, null, 5, 'like', '2024-09-08 13:21:49');
INSERT INTO DevSync.likes (id, createdById, postId, commentId, type, createdAt) VALUES (5175, 8, null, 36, 'like', '2024-11-09 02:54:33');
INSERT INTO DevSync.likes (id, createdById, postId, commentId, type, createdAt) VALUES (5176, 8, null, 26, 'dislike', '2024-07-18 15:41:39');
INSERT INTO DevSync.likes (id, createdById, postId, commentId, type, createdAt) VALUES (5177, 8, null, 46, 'like', '2024-08-07 22:12:57');
INSERT INTO DevSync.likes (id, createdById, postId, commentId, type, createdAt) VALUES (5178, 2, null, 11, 'like', '2024-08-30 12:27:09');
INSERT INTO DevSync.likes (id, createdById, postId, commentId, type, createdAt) VALUES (5180, 8, null, 32, 'dislike', '2024-10-30 20:30:37');
INSERT INTO DevSync.likes (id, createdById, postId, commentId, type, createdAt) VALUES (5181, 2, null, 45, 'dislike', '2024-11-10 16:54:26');
INSERT INTO DevSync.likes (id, createdById, postId, commentId, type, createdAt) VALUES (5182, 1, null, 20, 'dislike', '2024-11-15 09:56:32');
INSERT INTO DevSync.likes (id, createdById, postId, commentId, type, createdAt) VALUES (5183, 3, null, 12, 'like', '2024-08-24 21:25:58');
INSERT INTO DevSync.likes (id, createdById, postId, commentId, type, createdAt) VALUES (5185, 5, null, 40, 'like', '2024-06-04 02:18:26');
INSERT INTO DevSync.likes (id, createdById, postId, commentId, type, createdAt) VALUES (5186, 5, null, 22, 'like', '2024-06-11 13:20:09');
INSERT INTO DevSync.likes (id, createdById, postId, commentId, type, createdAt) VALUES (5189, 4, null, 1, 'dislike', '2024-06-20 16:10:20');
INSERT INTO DevSync.likes (id, createdById, postId, commentId, type, createdAt) VALUES (5190, 6, null, 49, 'dislike', '2024-07-07 13:32:02');
INSERT INTO DevSync.likes (id, createdById, postId, commentId, type, createdAt) VALUES (5193, 7, null, 49, 'like', '2024-09-16 07:10:55');
INSERT INTO DevSync.likes (id, createdById, postId, commentId, type, createdAt) VALUES (5195, 8, null, 19, 'like', '2024-10-22 00:06:46');
INSERT INTO DevSync.likes (id, createdById, postId, commentId, type, createdAt) VALUES (5196, 8, null, 14, 'like', '2024-09-16 19:21:34');
INSERT INTO DevSync.likes (id, createdById, postId, commentId, type, createdAt) VALUES (5197, 6, null, 4, 'dislike', '2024-10-27 08:06:41');
INSERT INTO DevSync.likes (id, createdById, postId, commentId, type, createdAt) VALUES (5198, 4, null, 4, 'like', '2024-10-07 23:51:17');
INSERT INTO DevSync.likes (id, createdById, postId, commentId, type, createdAt) VALUES (5200, 4, null, 38, 'like', '2024-06-17 04:50:02');
INSERT INTO DevSync.likes (id, createdById, postId, commentId, type, createdAt) VALUES (5201, 6, null, 39, 'like', '2024-06-04 08:16:46');
INSERT INTO DevSync.likes (id, createdById, postId, commentId, type, createdAt) VALUES (5202, 4, null, 6, 'dislike', '2024-06-22 05:06:03');
INSERT INTO DevSync.likes (id, createdById, postId, commentId, type, createdAt) VALUES (5203, 3, null, 46, 'like', '2024-07-01 12:23:36');
INSERT INTO DevSync.likes (id, createdById, postId, commentId, type, createdAt) VALUES (5205, 7, null, 28, 'dislike', '2024-06-07 22:49:41');
INSERT INTO DevSync.likes (id, createdById, postId, commentId, type, createdAt) VALUES (5207, 8, null, 50, 'dislike', '2024-07-27 20:27:46');
INSERT INTO DevSync.likes (id, createdById, postId, commentId, type, createdAt) VALUES (5208, 3, null, 33, 'dislike', '2024-08-18 22:57:15');
INSERT INTO DevSync.likes (id, createdById, postId, commentId, type, createdAt) VALUES (5209, 8, null, 15, 'like', '2024-11-23 03:39:53');
INSERT INTO DevSync.likes (id, createdById, postId, commentId, type, createdAt) VALUES (5211, 4, null, 46, 'like', '2024-07-20 23:42:27');
INSERT INTO DevSync.likes (id, createdById, postId, commentId, type, createdAt) VALUES (5213, 4, null, 19, 'dislike', '2024-11-05 06:27:07');
INSERT INTO DevSync.likes (id, createdById, postId, commentId, type, createdAt) VALUES (5214, 7, null, 44, 'dislike', '2024-06-28 12:34:04');
INSERT INTO DevSync.likes (id, createdById, postId, commentId, type, createdAt) VALUES (5216, 2, null, 10, 'like', '2024-09-16 23:02:43');
INSERT INTO DevSync.likes (id, createdById, postId, commentId, type, createdAt) VALUES (5218, 3, null, 49, 'dislike', '2024-08-23 23:12:10');
INSERT INTO DevSync.likes (id, createdById, postId, commentId, type, createdAt) VALUES (5219, 2, null, 34, 'dislike', '2024-09-27 15:00:37');
INSERT INTO DevSync.likes (id, createdById, postId, commentId, type, createdAt) VALUES (5220, 5, null, 5, 'like', '2024-10-11 19:01:37');
INSERT INTO DevSync.likes (id, createdById, postId, commentId, type, createdAt) VALUES (5223, 4, null, 15, 'dislike', '2024-08-22 14:41:52');
INSERT INTO DevSync.likes (id, createdById, postId, commentId, type, createdAt) VALUES (5225, 8, null, 22, 'dislike', '2024-08-08 16:14:45');
INSERT INTO DevSync.likes (id, createdById, postId, commentId, type, createdAt) VALUES (5227, 1, null, 47, 'like', '2024-11-15 08:21:56');
INSERT INTO DevSync.likes (id, createdById, postId, commentId, type, createdAt) VALUES (5228, 8, null, 11, 'dislike', '2024-07-31 13:23:05');
INSERT INTO DevSync.likes (id, createdById, postId, commentId, type, createdAt) VALUES (5229, 6, null, 6, 'like', '2024-10-24 04:12:50');
INSERT INTO DevSync.likes (id, createdById, postId, commentId, type, createdAt) VALUES (5232, 5, null, 12, 'like', '2024-09-11 22:40:25');
INSERT INTO DevSync.likes (id, createdById, postId, commentId, type, createdAt) VALUES (5235, 1, null, 17, 'like', '2024-08-14 22:48:52');
INSERT INTO DevSync.likes (id, createdById, postId, commentId, type, createdAt) VALUES (5237, 2, null, 39, 'like', '2024-09-11 20:16:35');
INSERT INTO DevSync.likes (id, createdById, postId, commentId, type, createdAt) VALUES (5239, 4, null, 42, 'like', '2024-11-15 17:41:33');
INSERT INTO DevSync.likes (id, createdById, postId, commentId, type, createdAt) VALUES (5241, 3, null, 24, 'dislike', '2024-10-01 21:55:01');
INSERT INTO DevSync.likes (id, createdById, postId, commentId, type, createdAt) VALUES (5245, 2, null, 22, 'dislike', '2024-10-21 09:50:43');
INSERT INTO DevSync.likes (id, createdById, postId, commentId, type, createdAt) VALUES (5247, 7, null, 4, 'like', '2024-09-26 11:19:11');
INSERT INTO DevSync.likes (id, createdById, postId, commentId, type, createdAt) VALUES (5248, 8, null, 40, 'dislike', '2024-07-21 00:22:39');
INSERT INTO DevSync.likes (id, createdById, postId, commentId, type, createdAt) VALUES (5253, 2, null, 12, 'like', '2024-07-07 16:04:18');
INSERT INTO DevSync.likes (id, createdById, postId, commentId, type, createdAt) VALUES (5254, 6, null, 32, 'dislike', '2024-10-08 08:45:14');
INSERT INTO DevSync.likes (id, createdById, postId, commentId, type, createdAt) VALUES (5255, 1, null, 4, 'like', '2024-10-20 23:00:07');
INSERT INTO DevSync.likes (id, createdById, postId, commentId, type, createdAt) VALUES (5256, 1, null, 25, 'dislike', '2024-06-06 12:13:57');
INSERT INTO DevSync.likes (id, createdById, postId, commentId, type, createdAt) VALUES (5257, 4, null, 45, 'like', '2024-09-06 13:48:34');
INSERT INTO DevSync.likes (id, createdById, postId, commentId, type, createdAt) VALUES (5258, 2, null, 24, 'like', '2024-07-09 12:51:22');
INSERT INTO DevSync.likes (id, createdById, postId, commentId, type, createdAt) VALUES (5259, 4, null, 40, 'like', '2024-08-11 01:38:10');
INSERT INTO DevSync.likes (id, createdById, postId, commentId, type, createdAt) VALUES (5263, 8, null, 9, 'dislike', '2024-10-11 17:07:23');
INSERT INTO DevSync.likes (id, createdById, postId, commentId, type, createdAt) VALUES (5265, 7, null, 45, 'dislike', '2024-06-05 20:19:06');
INSERT INTO DevSync.likes (id, createdById, postId, commentId, type, createdAt) VALUES (5266, 2, null, 44, 'like', '2024-08-14 17:30:10');
INSERT INTO DevSync.likes (id, createdById, postId, commentId, type, createdAt) VALUES (5268, 2, null, 47, 'dislike', '2024-06-12 06:54:25');
INSERT INTO DevSync.likes (id, createdById, postId, commentId, type, createdAt) VALUES (5270, 3, null, 47, 'like', '2024-09-21 12:36:20');
INSERT INTO DevSync.likes (id, createdById, postId, commentId, type, createdAt) VALUES (5271, 5, null, 27, 'dislike', '2024-11-04 15:08:24');
INSERT INTO DevSync.likes (id, createdById, postId, commentId, type, createdAt) VALUES (5272, 7, null, 34, 'like', '2024-08-28 21:37:53');
INSERT INTO DevSync.likes (id, createdById, postId, commentId, type, createdAt) VALUES (5274, 1, null, 49, 'dislike', '2024-07-18 05:44:23');
INSERT INTO DevSync.likes (id, createdById, postId, commentId, type, createdAt) VALUES (5275, 8, null, 27, 'like', '2024-09-19 02:50:57');
INSERT INTO DevSync.likes (id, createdById, postId, commentId, type, createdAt) VALUES (5276, 6, null, 9, 'like', '2024-11-22 10:09:32');
INSERT INTO DevSync.likes (id, createdById, postId, commentId, type, createdAt) VALUES (5278, 3, null, 21, 'like', '2024-08-21 18:29:20');
INSERT INTO DevSync.likes (id, createdById, postId, commentId, type, createdAt) VALUES (5281, 1, null, 38, 'dislike', '2024-06-24 01:20:27');
INSERT INTO DevSync.likes (id, createdById, postId, commentId, type, createdAt) VALUES (5283, 5, null, 19, 'dislike', '2024-08-10 11:35:50');
INSERT INTO DevSync.likes (id, createdById, postId, commentId, type, createdAt) VALUES (5284, 2, null, 46, 'like', '2024-06-25 21:55:14');
INSERT INTO DevSync.likes (id, createdById, postId, commentId, type, createdAt) VALUES (5285, 8, null, 12, 'dislike', '2024-09-14 15:05:06');
INSERT INTO DevSync.likes (id, createdById, postId, commentId, type, createdAt) VALUES (5287, 5, null, 13, 'dislike', '2024-08-06 02:39:59');
INSERT INTO DevSync.likes (id, createdById, postId, commentId, type, createdAt) VALUES (5288, 8, null, 43, 'like', '2024-11-11 22:21:23');
INSERT INTO DevSync.likes (id, createdById, postId, commentId, type, createdAt) VALUES (5289, 4, null, 20, 'like', '2024-11-01 02:03:47');
INSERT INTO DevSync.likes (id, createdById, postId, commentId, type, createdAt) VALUES (5290, 5, null, 49, 'like', '2024-11-06 09:23:59');
INSERT INTO DevSync.likes (id, createdById, postId, commentId, type, createdAt) VALUES (5293, 2, null, 26, 'dislike', '2024-08-09 23:49:47');
INSERT INTO DevSync.likes (id, createdById, postId, commentId, type, createdAt) VALUES (5298, 3, null, 20, 'like', '2024-09-15 16:45:20');
INSERT INTO DevSync.likes (id, createdById, postId, commentId, type, createdAt) VALUES (5300, 2, null, 50, 'dislike', '2024-07-15 03:15:56');
INSERT INTO DevSync.likes (id, createdById, postId, commentId, type, createdAt) VALUES (5301, 3, null, 23, 'like', '2024-08-12 05:49:18');
INSERT INTO DevSync.likes (id, createdById, postId, commentId, type, createdAt) VALUES (5302, 7, null, 15, 'like', '2024-07-16 04:41:28');
INSERT INTO DevSync.likes (id, createdById, postId, commentId, type, createdAt) VALUES (5303, 5, null, 18, 'dislike', '2024-10-11 23:41:20');
INSERT INTO DevSync.likes (id, createdById, postId, commentId, type, createdAt) VALUES (5304, 5, null, 1, 'like', '2024-09-10 20:43:10');
INSERT INTO DevSync.likes (id, createdById, postId, commentId, type, createdAt) VALUES (5305, 1, null, 30, 'dislike', '2024-09-06 03:50:40');
INSERT INTO DevSync.likes (id, createdById, postId, commentId, type, createdAt) VALUES (5306, 1, null, 15, 'dislike', '2024-11-07 17:41:27');
INSERT INTO DevSync.likes (id, createdById, postId, commentId, type, createdAt) VALUES (5310, 8, null, 16, 'like', '2024-09-11 18:35:09');
INSERT INTO DevSync.likes (id, createdById, postId, commentId, type, createdAt) VALUES (5312, 8, null, 45, 'dislike', '2024-07-27 09:34:02');
INSERT INTO DevSync.likes (id, createdById, postId, commentId, type, createdAt) VALUES (5313, 6, null, 1, 'like', '2024-07-23 01:24:23');
INSERT INTO DevSync.likes (id, createdById, postId, commentId, type, createdAt) VALUES (5314, 5, null, 34, 'like', '2024-09-29 17:54:01');
INSERT INTO DevSync.likes (id, createdById, postId, commentId, type, createdAt) VALUES (5315, 4, null, 16, 'like', '2024-08-07 17:02:57');
INSERT INTO DevSync.likes (id, createdById, postId, commentId, type, createdAt) VALUES (5317, 1, null, 46, 'like', '2024-10-31 00:01:04');
INSERT INTO DevSync.likes (id, createdById, postId, commentId, type, createdAt) VALUES (5318, 4, null, 36, 'like', '2024-06-15 17:31:58');
INSERT INTO DevSync.likes (id, createdById, postId, commentId, type, createdAt) VALUES (5322, 5, null, 41, 'like', '2024-06-23 20:04:05');
INSERT INTO DevSync.likes (id, createdById, postId, commentId, type, createdAt) VALUES (5325, 2, null, 43, 'like', '2024-09-02 21:48:36');
INSERT INTO DevSync.likes (id, createdById, postId, commentId, type, createdAt) VALUES (5328, 2, null, 8, 'like', '2024-06-03 17:38:25');
INSERT INTO DevSync.likes (id, createdById, postId, commentId, type, createdAt) VALUES (5331, 5, null, 39, 'dislike', '2024-09-22 04:11:59');
INSERT INTO DevSync.likes (id, createdById, postId, commentId, type, createdAt) VALUES (5332, 7, null, 20, 'dislike', '2024-06-15 15:08:15');
INSERT INTO DevSync.likes (id, createdById, postId, commentId, type, createdAt) VALUES (5333, 8, null, 21, 'like', '2024-08-15 09:59:26');
INSERT INTO DevSync.likes (id, createdById, postId, commentId, type, createdAt) VALUES (5337, 5, null, 11, 'like', '2024-11-04 23:38:18');
INSERT INTO DevSync.likes (id, createdById, postId, commentId, type, createdAt) VALUES (5339, 7, null, 12, 'like', '2024-07-23 19:20:51');
INSERT INTO DevSync.likes (id, createdById, postId, commentId, type, createdAt) VALUES (5349, 5, null, 48, 'dislike', '2024-09-20 10:53:49');
INSERT INTO DevSync.likes (id, createdById, postId, commentId, type, createdAt) VALUES (5350, 2, null, 19, 'like', '2024-11-03 20:59:57');
INSERT INTO DevSync.likes (id, createdById, postId, commentId, type, createdAt) VALUES (5351, 7, null, 21, 'dislike', '2024-08-13 02:15:42');
INSERT INTO DevSync.likes (id, createdById, postId, commentId, type, createdAt) VALUES (5352, 3, null, 28, 'dislike', '2024-11-03 22:43:33');
INSERT INTO DevSync.likes (id, createdById, postId, commentId, type, createdAt) VALUES (5353, 5, null, 21, 'dislike', '2024-09-09 05:22:06');
INSERT INTO DevSync.likes (id, createdById, postId, commentId, type, createdAt) VALUES (5355, 6, null, 44, 'like', '2024-09-18 07:25:59');
INSERT INTO DevSync.likes (id, createdById, postId, commentId, type, createdAt) VALUES (5356, 4, null, 14, 'dislike', '2024-07-31 10:53:08');
INSERT INTO DevSync.likes (id, createdById, postId, commentId, type, createdAt) VALUES (5357, 1, null, 35, 'like', '2024-08-02 15:16:40');
INSERT INTO DevSync.likes (id, createdById, postId, commentId, type, createdAt) VALUES (5358, 4, null, 47, 'dislike', '2024-06-11 01:28:20');
INSERT INTO DevSync.likes (id, createdById, postId, commentId, type, createdAt) VALUES (5359, 7, null, 42, 'like', '2024-07-21 01:41:51');
INSERT INTO DevSync.likes (id, createdById, postId, commentId, type, createdAt) VALUES (5362, 2, null, 38, 'dislike', '2024-09-02 16:10:32');
INSERT INTO DevSync.likes (id, createdById, postId, commentId, type, createdAt) VALUES (5365, 4, null, 32, 'dislike', '2024-11-04 20:04:37');
INSERT INTO DevSync.likes (id, createdById, postId, commentId, type, createdAt) VALUES (5366, 7, null, 26, 'dislike', '2024-10-19 09:38:39');
INSERT INTO DevSync.likes (id, createdById, postId, commentId, type, createdAt) VALUES (5367, 7, null, 16, 'like', '2024-10-20 20:28:13');
INSERT INTO DevSync.likes (id, createdById, postId, commentId, type, createdAt) VALUES (5370, 8, null, 4, 'dislike', '2024-07-20 11:56:58');
INSERT INTO DevSync.likes (id, createdById, postId, commentId, type, createdAt) VALUES (5373, 8, null, 10, 'dislike', '2024-07-21 00:14:24');
INSERT INTO DevSync.likes (id, createdById, postId, commentId, type, createdAt) VALUES (5374, 3, null, 36, 'like', '2024-10-17 03:24:43');
INSERT INTO DevSync.likes (id, createdById, postId, commentId, type, createdAt) VALUES (5377, 5, null, 36, 'like', '2024-06-14 11:55:33');
INSERT INTO DevSync.likes (id, createdById, postId, commentId, type, createdAt) VALUES (5379, 1, null, 29, 'like', '2024-07-23 00:58:00');
INSERT INTO DevSync.likes (id, createdById, postId, commentId, type, createdAt) VALUES (5380, 4, null, 31, 'dislike', '2024-10-08 03:30:13');
INSERT INTO DevSync.likes (id, createdById, postId, commentId, type, createdAt) VALUES (5381, 5, null, 4, 'like', '2024-10-16 09:06:53');
INSERT INTO DevSync.likes (id, createdById, postId, commentId, type, createdAt) VALUES (5383, 5, null, 6, 'like', '2024-07-28 23:18:49');
INSERT INTO DevSync.likes (id, createdById, postId, commentId, type, createdAt) VALUES (5385, 5, null, 23, 'dislike', '2024-11-03 18:15:38');
INSERT INTO DevSync.likes (id, createdById, postId, commentId, type, createdAt) VALUES (5388, 7, null, 9, 'dislike', '2024-06-08 20:57:24');
INSERT INTO DevSync.likes (id, createdById, postId, commentId, type, createdAt) VALUES (5395, 6, null, 29, 'like', '2024-09-23 17:35:27');
INSERT INTO DevSync.likes (id, createdById, postId, commentId, type, createdAt) VALUES (5399, 6, null, 38, 'dislike', '2024-11-06 11:32:35');
INSERT INTO DevSync.likes (id, createdById, postId, commentId, type, createdAt) VALUES (5402, 4, null, 37, 'dislike', '2024-10-31 15:08:52');
INSERT INTO DevSync.likes (id, createdById, postId, commentId, type, createdAt) VALUES (5407, 2, null, 28, 'like', '2024-10-29 14:23:36');
INSERT INTO DevSync.likes (id, createdById, postId, commentId, type, createdAt) VALUES (5408, 7, null, 6, 'like', '2024-08-04 21:56:05');
INSERT INTO DevSync.likes (id, createdById, postId, commentId, type, createdAt) VALUES (5410, 1, null, 45, 'like', '2024-07-31 06:23:34');
INSERT INTO DevSync.likes (id, createdById, postId, commentId, type, createdAt) VALUES (5415, 6, null, 10, 'like', '2024-11-20 21:58:49');
INSERT INTO DevSync.likes (id, createdById, postId, commentId, type, createdAt) VALUES (5420, 2, null, 18, 'like', '2024-11-07 08:02:55');
INSERT INTO DevSync.likes (id, createdById, postId, commentId, type, createdAt) VALUES (5422, 2, null, 4, 'dislike', '2024-10-31 04:50:55');
INSERT INTO DevSync.likes (id, createdById, postId, commentId, type, createdAt) VALUES (5423, 4, null, 2, 'dislike', '2024-11-07 07:42:53');
INSERT INTO DevSync.likes (id, createdById, postId, commentId, type, createdAt) VALUES (5431, 8, null, 30, 'like', '2024-07-09 22:21:34');
INSERT INTO DevSync.likes (id, createdById, postId, commentId, type, createdAt) VALUES (5434, 2, null, 21, 'dislike', '2024-06-03 16:29:05');
INSERT INTO DevSync.likes (id, createdById, postId, commentId, type, createdAt) VALUES (5436, 6, null, 46, 'dislike', '2024-10-31 03:58:26');
INSERT INTO DevSync.likes (id, createdById, postId, commentId, type, createdAt) VALUES (5445, 2, null, 27, 'dislike', '2024-06-03 11:15:28');
INSERT INTO DevSync.likes (id, createdById, postId, commentId, type, createdAt) VALUES (5447, 1, null, 10, 'like', '2024-11-23 11:56:33');
INSERT INTO DevSync.likes (id, createdById, postId, commentId, type, createdAt) VALUES (5450, 8, null, 23, 'like', '2024-06-15 10:49:39');
INSERT INTO DevSync.likes (id, createdById, postId, commentId, type, createdAt) VALUES (5458, 5, null, 14, 'dislike', '2024-09-09 17:20:03');
INSERT INTO DevSync.likes (id, createdById, postId, commentId, type, createdAt) VALUES (5459, 5, null, 37, 'dislike', '2024-10-09 09:20:54');
INSERT INTO DevSync.likes (id, createdById, postId, commentId, type, createdAt) VALUES (5460, 1, null, 8, 'dislike', '2024-07-18 05:53:33');
INSERT INTO DevSync.likes (id, createdById, postId, commentId, type, createdAt) VALUES (5462, 2, null, 13, 'like', '2024-10-31 09:04:03');
INSERT INTO DevSync.likes (id, createdById, postId, commentId, type, createdAt) VALUES (5463, 4, null, 49, 'dislike', '2024-11-07 18:03:22');
INSERT INTO DevSync.likes (id, createdById, postId, commentId, type, createdAt) VALUES (5470, 7, null, 47, 'dislike', '2024-09-09 14:34:43');
INSERT INTO DevSync.likes (id, createdById, postId, commentId, type, createdAt) VALUES (5471, 4, null, 3, 'like', '2024-10-01 14:44:29');
INSERT INTO DevSync.likes (id, createdById, postId, commentId, type, createdAt) VALUES (5472, 7, null, 41, 'like', '2024-06-03 03:00:45');
INSERT INTO DevSync.likes (id, createdById, postId, commentId, type, createdAt) VALUES (5474, 3, null, 48, 'like', '2024-08-07 03:33:57');
INSERT INTO DevSync.likes (id, createdById, postId, commentId, type, createdAt) VALUES (5479, 6, null, 31, 'dislike', '2024-11-02 00:20:07');
INSERT INTO DevSync.likes (id, createdById, postId, commentId, type, createdAt) VALUES (5480, 5, null, 50, 'dislike', '2024-11-23 23:35:53');
INSERT INTO DevSync.likes (id, createdById, postId, commentId, type, createdAt) VALUES (5483, 7, null, 38, 'dislike', '2024-11-11 23:23:00');
INSERT INTO DevSync.likes (id, createdById, postId, commentId, type, createdAt) VALUES (5485, 4, null, 27, 'dislike', '2024-07-30 08:39:41');
INSERT INTO DevSync.likes (id, createdById, postId, commentId, type, createdAt) VALUES (5486, 7, null, 32, 'like', '2024-09-08 18:24:17');
INSERT INTO DevSync.likes (id, createdById, postId, commentId, type, createdAt) VALUES (5490, 4, null, 30, 'dislike', '2024-07-07 01:37:37');
INSERT INTO DevSync.likes (id, createdById, postId, commentId, type, createdAt) VALUES (5494, 6, null, 15, 'dislike', '2024-06-17 07:09:10');
INSERT INTO DevSync.likes (id, createdById, postId, commentId, type, createdAt) VALUES (5502, 4, null, 11, 'dislike', '2024-07-10 22:29:48');
INSERT INTO DevSync.likes (id, createdById, postId, commentId, type, createdAt) VALUES (5504, 7, null, 23, 'like', '2024-07-03 23:33:26');
INSERT INTO DevSync.likes (id, createdById, postId, commentId, type, createdAt) VALUES (5507, 3, null, 45, 'dislike', '2024-06-27 20:49:02');
INSERT INTO DevSync.likes (id, createdById, postId, commentId, type, createdAt) VALUES (5515, 1, null, 1, 'dislike', '2024-11-13 13:18:48');
INSERT INTO DevSync.likes (id, createdById, postId, commentId, type, createdAt) VALUES (5522, 8, null, 38, 'dislike', '2024-11-01 09:04:13');
INSERT INTO DevSync.likes (id, createdById, postId, commentId, type, createdAt) VALUES (5528, 2, null, 20, 'dislike', '2024-09-27 07:23:33');
INSERT INTO DevSync.likes (id, createdById, postId, commentId, type, createdAt) VALUES (5535, 3, null, 3, 'like', '2024-09-23 12:02:49');
INSERT INTO DevSync.likes (id, createdById, postId, commentId, type, createdAt) VALUES (5538, 7, null, 11, 'dislike', '2024-11-20 16:04:41');
INSERT INTO DevSync.likes (id, createdById, postId, commentId, type, createdAt) VALUES (5543, 2, null, 37, 'dislike', '2024-06-29 18:06:10');
INSERT INTO DevSync.likes (id, createdById, postId, commentId, type, createdAt) VALUES (5547, 8, null, 6, 'dislike', '2024-07-05 07:23:50');
INSERT INTO DevSync.likes (id, createdById, postId, commentId, type, createdAt) VALUES (5549, 5, null, 30, 'like', '2024-09-30 19:34:38');
INSERT INTO DevSync.likes (id, createdById, postId, commentId, type, createdAt) VALUES (5551, 5, null, 3, 'like', '2024-08-21 04:12:21');
INSERT INTO DevSync.likes (id, createdById, postId, commentId, type, createdAt) VALUES (5553, 4, null, 13, 'dislike', '2024-10-16 15:50:40');
INSERT INTO DevSync.likes (id, createdById, postId, commentId, type, createdAt) VALUES (5561, 3, null, 27, 'dislike', '2024-06-28 07:44:10');
INSERT INTO DevSync.likes (id, createdById, postId, commentId, type, createdAt) VALUES (5568, 6, null, 30, 'dislike', '2024-06-13 17:33:12');
INSERT INTO DevSync.likes (id, createdById, postId, commentId, type, createdAt) VALUES (5570, 8, null, 37, 'dislike', '2024-11-01 09:17:16');
INSERT INTO DevSync.likes (id, createdById, postId, commentId, type, createdAt) VALUES (5575, 1, null, 50, 'dislike', '2024-10-28 15:28:22');
INSERT INTO DevSync.likes (id, createdById, postId, commentId, type, createdAt) VALUES (5579, 6, null, 28, 'dislike', '2024-08-08 01:02:44');
INSERT INTO DevSync.likes (id, createdById, postId, commentId, type, createdAt) VALUES (5583, 8, null, 31, 'dislike', '2024-10-09 19:33:55');
INSERT INTO DevSync.likes (id, createdById, postId, commentId, type, createdAt) VALUES (5585, 8, null, 18, 'dislike', '2024-07-23 13:20:44');
INSERT INTO DevSync.likes (id, createdById, postId, commentId, type, createdAt) VALUES (5589, 1, null, 3, 'dislike', '2024-09-06 08:28:04');
INSERT INTO DevSync.likes (id, createdById, postId, commentId, type, createdAt) VALUES (5599, 8, null, 34, 'dislike', '2024-10-15 16:45:31');
INSERT INTO DevSync.likes (id, createdById, postId, commentId, type, createdAt) VALUES (5601, 2, null, 16, 'like', '2024-08-14 08:19:57');
INSERT INTO DevSync.likes (id, createdById, postId, commentId, type, createdAt) VALUES (5604, 8, null, 13, 'like', '2024-08-13 12:21:42');
INSERT INTO DevSync.likes (id, createdById, postId, commentId, type, createdAt) VALUES (5609, 4, null, 35, 'dislike', '2024-09-01 10:51:30');
INSERT INTO DevSync.likes (id, createdById, postId, commentId, type, createdAt) VALUES (5614, 7, null, 22, 'like', '2024-08-19 17:16:37');
INSERT INTO DevSync.likes (id, createdById, postId, commentId, type, createdAt) VALUES (5619, 1, null, 6, 'like', '2024-08-28 14:08:17');
INSERT INTO DevSync.likes (id, createdById, postId, commentId, type, createdAt) VALUES (5627, 1, null, 39, 'dislike', '2024-06-06 15:07:39');
INSERT INTO DevSync.likes (id, createdById, postId, commentId, type, createdAt) VALUES (5629, 6, null, 26, 'like', '2024-10-17 14:07:41');
INSERT INTO DevSync.likes (id, createdById, postId, commentId, type, createdAt) VALUES (5637, 3, null, 30, 'dislike', '2024-09-28 00:19:19');
INSERT INTO DevSync.likes (id, createdById, postId, commentId, type, createdAt) VALUES (5640, 4, null, 44, 'like', '2024-08-27 11:58:03');
INSERT INTO DevSync.likes (id, createdById, postId, commentId, type, createdAt) VALUES (5644, 1, null, 48, 'dislike', '2024-09-19 10:54:37');
INSERT INTO DevSync.likes (id, createdById, postId, commentId, type, createdAt) VALUES (5651, 3, null, 8, 'dislike', '2024-07-05 08:17:37');
INSERT INTO DevSync.likes (id, createdById, postId, commentId, type, createdAt) VALUES (5660, 1, null, 41, 'like', '2024-08-07 01:04:55');
INSERT INTO DevSync.likes (id, createdById, postId, commentId, type, createdAt) VALUES (5670, 7, null, 50, 'like', '2024-10-06 16:02:43');
INSERT INTO DevSync.likes (id, createdById, postId, commentId, type, createdAt) VALUES (5674, 5, null, 32, 'dislike', '2024-10-03 18:55:30');
INSERT INTO DevSync.likes (id, createdById, postId, commentId, type, createdAt) VALUES (5681, 3, null, 11, 'dislike', '2024-11-16 07:56:54');
INSERT INTO DevSync.likes (id, createdById, postId, commentId, type, createdAt) VALUES (5686, 6, null, 37, 'dislike', '2024-09-06 15:43:05');
INSERT INTO DevSync.likes (id, createdById, postId, commentId, type, createdAt) VALUES (5691, 1, null, 24, 'like', '2024-09-14 12:39:18');
INSERT INTO DevSync.likes (id, createdById, postId, commentId, type, createdAt) VALUES (5710, 5, null, 44, 'dislike', '2024-07-06 13:20:22');
INSERT INTO DevSync.likes (id, createdById, postId, commentId, type, createdAt) VALUES (5711, 8, null, 7, 'dislike', '2024-08-31 02:19:21');
INSERT INTO DevSync.likes (id, createdById, postId, commentId, type, createdAt) VALUES (5712, 7, null, 10, 'dislike', '2024-08-24 07:53:51');
INSERT INTO DevSync.likes (id, createdById, postId, commentId, type, createdAt) VALUES (5714, 6, null, 5, 'like', '2024-10-02 12:02:59');
INSERT INTO DevSync.likes (id, createdById, postId, commentId, type, createdAt) VALUES (5717, 8, null, 42, 'like', '2024-06-09 23:24:48');
INSERT INTO DevSync.likes (id, createdById, postId, commentId, type, createdAt) VALUES (5721, 6, null, 35, 'like', '2024-09-15 08:07:29');
INSERT INTO DevSync.likes (id, createdById, postId, commentId, type, createdAt) VALUES (5733, 7, null, 36, 'dislike', '2024-06-11 23:46:30');
INSERT INTO DevSync.likes (id, createdById, postId, commentId, type, createdAt) VALUES (5735, 5, null, 8, 'dislike', '2024-11-11 15:24:58');
INSERT INTO DevSync.likes (id, createdById, postId, commentId, type, createdAt) VALUES (5738, 1, null, 19, 'dislike', '2024-07-02 13:17:29');
INSERT INTO DevSync.likes (id, createdById, postId, commentId, type, createdAt) VALUES (5744, 5, null, 17, 'like', '2024-07-01 04:19:46');
INSERT INTO DevSync.likes (id, createdById, postId, commentId, type, createdAt) VALUES (5746, 7, null, 29, 'dislike', '2024-07-12 05:01:38');
INSERT INTO DevSync.likes (id, createdById, postId, commentId, type, createdAt) VALUES (5749, 2, null, 40, 'dislike', '2024-09-13 07:01:17');
INSERT INTO DevSync.likes (id, createdById, postId, commentId, type, createdAt) VALUES (5758, 8, null, 33, 'dislike', '2024-10-17 06:55:14');
INSERT INTO DevSync.likes (id, createdById, postId, commentId, type, createdAt) VALUES (5762, 3, null, 26, 'dislike', '2024-10-02 07:08:13');
INSERT INTO DevSync.likes (id, createdById, postId, commentId, type, createdAt) VALUES (5766, 5, null, 24, 'like', '2024-06-14 05:11:11');
INSERT INTO DevSync.likes (id, createdById, postId, commentId, type, createdAt) VALUES (5770, 7, null, 2, 'like', '2024-08-09 03:10:40');
INSERT INTO DevSync.likes (id, createdById, postId, commentId, type, createdAt) VALUES (5774, 7, null, 3, 'dislike', '2024-08-25 12:34:23');
INSERT INTO DevSync.likes (id, createdById, postId, commentId, type, createdAt) VALUES (5776, 3, null, 39, 'like', '2024-06-13 18:51:22');
INSERT INTO DevSync.likes (id, createdById, postId, commentId, type, createdAt) VALUES (5780, 3, null, 35, 'like', '2024-07-31 22:09:37');
INSERT INTO DevSync.likes (id, createdById, postId, commentId, type, createdAt) VALUES (5783, 1, null, 40, 'like', '2024-08-28 01:49:21');
INSERT INTO DevSync.likes (id, createdById, postId, commentId, type, createdAt) VALUES (5791, 7, null, 25, 'like', '2024-06-20 00:20:00');
INSERT INTO DevSync.likes (id, createdById, postId, commentId, type, createdAt) VALUES (5796, 8, null, 35, 'like', '2024-10-28 23:27:42');
INSERT INTO DevSync.likes (id, createdById, postId, commentId, type, createdAt) VALUES (5799, 7, null, 33, 'dislike', '2024-09-08 12:40:57');
INSERT INTO DevSync.likes (id, createdById, postId, commentId, type, createdAt) VALUES (5807, 8, null, 24, 'dislike', '2024-09-15 22:03:16');
INSERT INTO DevSync.likes (id, createdById, postId, commentId, type, createdAt) VALUES (5811, 1, null, 7, 'like', '2024-08-09 08:45:42');
INSERT INTO DevSync.likes (id, createdById, postId, commentId, type, createdAt) VALUES (5824, 4, null, 17, 'dislike', '2024-10-17 02:33:06');
INSERT INTO DevSync.likes (id, createdById, postId, commentId, type, createdAt) VALUES (5847, 3, null, 17, 'dislike', '2024-06-11 10:43:38');
INSERT INTO DevSync.likes (id, createdById, postId, commentId, type, createdAt) VALUES (5848, 6, null, 23, 'like', '2024-09-16 20:03:17');
INSERT INTO DevSync.likes (id, createdById, postId, commentId, type, createdAt) VALUES (5864, 3, null, 6, 'dislike', '2024-10-30 12:31:36');
INSERT INTO DevSync.likes (id, createdById, postId, commentId, type, createdAt) VALUES (5866, 2, null, 35, 'like', '2024-08-18 11:23:40');
INSERT INTO DevSync.likes (id, createdById, postId, commentId, type, createdAt) VALUES (5872, 1, null, 27, 'like', '2024-07-19 11:04:00');
INSERT INTO DevSync.likes (id, createdById, postId, commentId, type, createdAt) VALUES (5894, 5, null, 31, 'like', '2024-08-02 10:58:17');
INSERT INTO DevSync.likes (id, createdById, postId, commentId, type, createdAt) VALUES (5900, 3, null, 7, 'dislike', '2024-10-18 20:07:03');
INSERT INTO DevSync.likes (id, createdById, postId, commentId, type, createdAt) VALUES (5911, 4, null, 22, 'dislike', '2024-09-21 00:49:59');
INSERT INTO DevSync.likes (id, createdById, postId, commentId, type, createdAt) VALUES (5917, 3, null, 4, 'like', '2024-10-13 14:48:25');
INSERT INTO DevSync.likes (id, createdById, postId, commentId, type, createdAt) VALUES (5928, 7, null, 37, 'like', '2024-09-03 04:27:11');
INSERT INTO DevSync.likes (id, createdById, postId, commentId, type, createdAt) VALUES (5975, 2, null, 32, 'dislike', '2024-06-22 17:29:48');
INSERT INTO DevSync.likes (id, createdById, postId, commentId, type, createdAt) VALUES (5989, 5, null, 46, 'dislike', '2024-09-13 05:35:09');
INSERT INTO DevSync.likes (id, createdById, postId, commentId, type, createdAt) VALUES (6006, 5, null, 9, 'like', '2024-09-06 03:50:17');
INSERT INTO DevSync.likes (id, createdById, postId, commentId, type, createdAt) VALUES (6020, 7, null, 39, 'like', '2024-07-26 04:44:49');
INSERT INTO DevSync.likes (id, createdById, postId, commentId, type, createdAt) VALUES (6037, 5, null, 35, 'dislike', '2024-08-27 14:27:52');
INSERT INTO DevSync.likes (id, createdById, postId, commentId, type, createdAt) VALUES (6053, 3, null, 10, 'like', '2024-09-26 08:01:33');
INSERT INTO DevSync.likes (id, createdById, postId, commentId, type, createdAt) VALUES (6062, 7, null, 40, 'like', '2024-11-15 05:01:13');
INSERT INTO DevSync.likes (id, createdById, postId, commentId, type, createdAt) VALUES (6065, 3, null, 22, 'dislike', '2024-09-16 14:53:08');
INSERT INTO DevSync.likes (id, createdById, postId, commentId, type, createdAt) VALUES (6127, 1, null, 13, 'like', '2024-09-30 20:26:16');
INSERT INTO DevSync.likes (id, createdById, postId, commentId, type, createdAt) VALUES (6143, 3, null, 42, 'dislike', '2024-06-16 01:14:40');
INSERT INTO DevSync.likes (id, createdById, postId, commentId, type, createdAt) VALUES (6150, 6, null, 17, 'dislike', '2024-06-15 14:49:14');
INSERT INTO DevSync.likes (id, createdById, postId, commentId, type, createdAt) VALUES (6161, 8, null, 2, 'dislike', '2024-08-31 21:17:27');
INSERT INTO DevSync.likes (id, createdById, postId, commentId, type, createdAt) VALUES (6174, 1, null, 9, 'dislike', '2024-09-07 07:41:26');
INSERT INTO DevSync.likes (id, createdById, postId, commentId, type, createdAt) VALUES (6181, 4, null, 8, 'like', '2024-08-22 06:51:58');
INSERT INTO DevSync.likes (id, createdById, postId, commentId, type, createdAt) VALUES (6189, 4, null, 29, 'dislike', '2024-07-15 11:15:44');
INSERT INTO DevSync.likes (id, createdById, postId, commentId, type, createdAt) VALUES (6204, 6, null, 41, 'like', '2024-08-08 21:45:40');
INSERT INTO DevSync.likes (id, createdById, postId, commentId, type, createdAt) VALUES (6211, 8, null, 20, 'dislike', '2024-09-13 22:44:13');
INSERT INTO DevSync.likes (id, createdById, postId, commentId, type, createdAt) VALUES (6242, 4, null, 9, 'dislike', '2024-09-12 13:04:03');
INSERT INTO DevSync.likes (id, createdById, postId, commentId, type, createdAt) VALUES (6270, 3, null, 29, 'like', '2024-10-03 01:05:18');
INSERT INTO DevSync.likes (id, createdById, postId, commentId, type, createdAt) VALUES (6303, 8, null, 17, 'dislike', '2024-09-27 03:26:05');
INSERT INTO DevSync.likes (id, createdById, postId, commentId, type, createdAt) VALUES (6308, 8, null, 25, 'dislike', '2024-09-12 00:43:18');
INSERT INTO DevSync.likes (id, createdById, postId, commentId, type, createdAt) VALUES (6380, 4, null, 21, 'like', '2024-09-06 16:13:01');
INSERT INTO DevSync.likes (id, createdById, postId, commentId, type, createdAt) VALUES (6395, 1, null, 14, 'dislike', '2024-09-28 21:09:37');
INSERT INTO DevSync.likes (id, createdById, postId, commentId, type, createdAt) VALUES (6409, 2, null, 30, 'like', '2024-10-05 19:55:35');
INSERT INTO DevSync.likes (id, createdById, postId, commentId, type, createdAt) VALUES (6435, 6, null, 7, 'like', '2024-11-04 15:32:15');
INSERT INTO DevSync.likes (id, createdById, postId, commentId, type, createdAt) VALUES (6451, 2, null, 15, 'like', '2024-06-04 00:02:23');
INSERT INTO DevSync.likes (id, createdById, postId, commentId, type, createdAt) VALUES (6496, 6, null, 43, 'like', '2024-08-03 13:45:21');
INSERT INTO DevSync.likes (id, createdById, postId, commentId, type, createdAt) VALUES (6520, 4, null, 18, 'like', '2024-10-12 16:58:53');
INSERT INTO DevSync.likes (id, createdById, postId, commentId, type, createdAt) VALUES (6549, 7, null, 35, 'dislike', '2024-08-19 09:32:16');
INSERT INTO DevSync.likes (id, createdById, postId, commentId, type, createdAt) VALUES (6605, 2, null, 1, 'like', '2024-08-06 16:22:03');
INSERT INTO DevSync.likes (id, createdById, postId, commentId, type, createdAt) VALUES (6631, 8, null, 5, 'like', '2024-06-18 18:46:03');
INSERT INTO DevSync.likes (id, createdById, postId, commentId, type, createdAt) VALUES (6661, 5, null, 47, 'dislike', '2024-06-09 13:30:12');
INSERT INTO DevSync.likes (id, createdById, postId, commentId, type, createdAt) VALUES (6764, 2, null, 6, 'dislike', '2024-11-11 19:24:12');
INSERT INTO DevSync.likes (id, createdById, postId, commentId, type, createdAt) VALUES (6955, 8, null, 3, 'dislike', '2024-11-20 08:58:27');
INSERT INTO DevSync.likes (id, createdById, postId, commentId, type, createdAt) VALUES (7049, 1, null, 21, 'like', '2024-07-19 12:30:35');
INSERT INTO DevSync.likes (id, createdById, postId, commentId, type, createdAt) VALUES (7082, 5, null, 28, 'dislike', '2024-06-26 18:07:48');
INSERT INTO DevSync.likes (id, createdById, postId, commentId, type, createdAt) VALUES (7188, 3, null, 41, 'like', '2024-09-22 06:08:48');
INSERT INTO DevSync.likes (id, createdById, postId, commentId, type, createdAt) VALUES (7259, 2, null, 2, 'like', '2024-06-24 20:54:54');
INSERT INTO DevSync.likes (id, createdById, postId, commentId, type, createdAt) VALUES (45002, 8, 18, null, 'like', '2024-11-20 17:07:20');
INSERT INTO DevSync.likes (id, createdById, postId, commentId, type, createdAt) VALUES (45004, 9, 2, null, 'like', '2024-11-22 18:16:06');
INSERT INTO DevSync.likes (id, createdById, postId, commentId, type, createdAt) VALUES (45005, 9, null, 2, 'like', '2024-11-22 18:16:08');
INSERT INTO DevSync.likes (id, createdById, postId, commentId, type, createdAt) VALUES (45006, 9, null, 12, 'dislike', '2024-11-22 22:16:46');
INSERT INTO DevSync.likes (id, createdById, postId, commentId, type, createdAt) VALUES (45007, 9, 18, null, 'like', '2024-11-22 22:16:48');
INSERT INTO DevSync.likes (id, createdById, postId, commentId, type, createdAt) VALUES (45008, 9, null, 50, 'like', '2024-11-22 22:19:32');
INSERT INTO DevSync.likes (id, createdById, postId, commentId, type, createdAt) VALUES (45009, 9, null, 28, 'dislike', '2024-11-22 22:19:35');
INSERT INTO DevSync.likes (id, createdById, postId, commentId, type, createdAt) VALUES (45010, 9, null, 43, 'like', '2024-11-22 22:46:41');
INSERT INTO DevSync.likes (id, createdById, postId, commentId, type, createdAt) VALUES (45011, 9, null, 58, 'dislike', '2024-11-22 22:46:44');
INSERT INTO DevSync.likes (id, createdById, postId, commentId, type, createdAt) VALUES (45012, 9, null, 35, 'like', '2024-11-22 22:46:46');
INSERT INTO DevSync.likes (id, createdById, postId, commentId, type, createdAt) VALUES (45013, 9, null, 31, 'like', '2024-11-22 22:46:47');
INSERT INTO DevSync.likes (id, createdById, postId, commentId, type, createdAt) VALUES (45014, 9, null, 103, 'like', '2024-11-22 22:48:21');
INSERT INTO DevSync.likes (id, createdById, postId, commentId, type, createdAt) VALUES (45015, 9, null, 11, 'like', '2024-11-22 22:49:03');
INSERT INTO DevSync.likes (id, createdById, postId, commentId, type, createdAt) VALUES (45016, 9, null, 30, 'like', '2024-11-22 22:49:28');
INSERT INTO DevSync.likes (id, createdById, postId, commentId, type, createdAt) VALUES (45017, 9, null, 4, 'dislike', '2024-11-22 22:49:39');
INSERT INTO DevSync.likes (id, createdById, postId, commentId, type, createdAt) VALUES (45018, 9, 5, null, 'like', '2024-11-22 22:49:41');
INSERT INTO DevSync.likes (id, createdById, postId, commentId, type, createdAt) VALUES (45019, 9, 13, null, 'like', '2024-11-22 22:49:56');
INSERT INTO DevSync.likes (id, createdById, postId, commentId, type, createdAt) VALUES (45020, 9, null, 104, 'like', '2024-11-22 22:50:13');
INSERT INTO DevSync.likes (id, createdById, postId, commentId, type, createdAt) VALUES (45021, 9, null, 17, 'like', '2024-11-22 22:51:05');
INSERT INTO DevSync.likes (id, createdById, postId, commentId, type, createdAt) VALUES (45022, 9, null, 34, 'like', '2024-11-22 22:51:14');
INSERT INTO DevSync.likes (id, createdById, postId, commentId, type, createdAt) VALUES (45023, 9, null, 16, 'like', '2024-11-22 22:51:15');
INSERT INTO DevSync.likes (id, createdById, postId, commentId, type, createdAt) VALUES (45024, 9, null, 10, 'like', '2024-11-22 22:51:16');
INSERT INTO DevSync.likes (id, createdById, postId, commentId, type, createdAt) VALUES (45025, 9, null, 6, 'like', '2024-11-22 22:51:22');
INSERT INTO DevSync.likes (id, createdById, postId, commentId, type, createdAt) VALUES (45026, 9, null, 36, 'dislike', '2024-11-22 22:51:25');
INSERT INTO DevSync.likes (id, createdById, postId, commentId, type, createdAt) VALUES (45027, 9, null, 37, 'dislike', '2024-11-22 22:51:28');
INSERT INTO DevSync.likes (id, createdById, postId, commentId, type, createdAt) VALUES (45028, 9, 9, null, 'dislike', '2024-11-22 22:51:51');
